run,label,era,role,register_entry,runner,result_file,log,checkpoint
1,bench,G0 -- warm-up defect (defect 1),excluded,G0 | 0a | 4 | 5 | — | off | 100 | none | ⛔ excluded (§4z),,,,
2,A_N4_pop_diagnostic,original program -- advantages computed across vehicles (defect 2),superseded,G1 | 0a | 4 | 5 | — | off | 3000 | none | ✅,,,,
3,A_N4_seed2,original program -- advantages computed across vehicles (defect 2),superseded,G1 | 0a | 4 | 5 | — | off | 3000 | none | ✅,train_run1.py,results/_A_N4_seed2.json,logs/A_N4_seed2.log,
4,A_N4_seed3,original program -- advantages computed across vehicles (defect 2),superseded,G1 | 0a | 4 | 5 | — | off | 3000 | 3 | ✅,train_seed3.py,results/_A_N4_seed3.json,logs/A_N4_seed3.log,
5,A_N4_seed4,original program -- advantages computed across vehicles (defect 2),superseded,G1 | 0a | 4 | 5 | — | off | 3000 | 4 | ✅,train_seed4.py,results/_A_N4_seed4.json,logs/A_N4_seed4.log,
6,A_N4_seed5,original program -- advantages computed across vehicles (defect 2),superseded,G1 | 0a | 4 | 5 | — | off | 3000 | 5 | ✅,train_seed5.py,results/_A_N4_seed5.json,logs/A_N4_seed5.log,
7,A_N4_seed6,original program -- advantages computed across vehicles (defect 2),superseded,G1 | 0a | 4 | 5 | — | off | 3000 | 6 | ✅,train_b1_s6.py,results/_A_N4_seed6.json,logs/A_N4_seed6.log,
8,A_N4_seed7,original program -- advantages computed across vehicles (defect 2),superseded,G1 | 0a | 4 | 5 | — | off | 3000 | 7 | ✅,train_b1_s7.py,results/_A_N4_seed7.json,logs/A_N4_seed7.log,
9,A_N4_seed8,original program -- advantages computed across vehicles (defect 2),superseded,G1 | 0a | 4 | 5 | — | off | 3000 | 8 | ✅,train_b1_s8.py,results/_A_N4_seed8.json,logs/A_N4_seed8.log,
10,A_N4_seed9,original program -- advantages computed across vehicles (defect 2),superseded,G1 | 0a | 4 | 5 | — | off | 3000 | 9 | ✅,train_b1_s9.py,results/_A_N4_seed9.json,logs/A_N4_seed9.log,
11,A_N4_seed10,original program -- advantages computed across vehicles (defect 2),superseded,G1 | 0a | 4 | 5 | — | off | 3000 | 10 | ✅,train_b1_s10.py,results/_A_N4_seed10.json,logs/A_N4_seed10.log,
12,A_N4_seed2_5000ep,original program -- advantages computed across vehicles (defect 2),superseded,G1 | 0a | 4 | 5 | — | off | 5000 | 2 | ✅,train_b3_s2.py,results/_A_N4_seed2_5000ep.json,logs/A_N4_seed2_5000ep.log,
13,A_N4_seed4_5000ep,original program -- advantages computed across vehicles (defect 2),superseded,G1 | 0a | 4 | 5 | — | off | 5000 | 4 | ✅,train_b2_anneal.py,results/_A_N4_seed4_5000ep.json,logs/A_N4_seed4_5000ep.log,
14,A_N4_seed6_5000ep,original program -- advantages computed across vehicles (defect 2),superseded,G1 | 0a | 4 | 5 | — | off | 5000 | 6 | ✅,train_b3_s6.py,results/_A_N4_seed6_5000ep.json,logs/A_N4_seed6_5000ep.log,
15,A_N4_seed10_5000ep,original program -- advantages computed across vehicles (defect 2),superseded,G1 | 0a | 4 | 5 | — | off | 5000 | 10 | ✅,train_b3_s10.py,results/_A_N4_seed10_5000ep.json,logs/A_N4_seed10_5000ep.log,
16,A_N7_5000ep,original program -- advantages computed across vehicles (defect 2),superseded,G1 | 0a | 7 | 5 | — | off | 5000 | 1 | ✅,train_b3_n7.py,results/_A_N7_5000ep.json,logs/A_N7_5000ep.log,
17,A_N10_check,original program -- advantages computed across vehicles (defect 2),superseded,G1 | 0a | 10 | 5 | — | off | 3000 | none | ✅,train_run2.py,results/_A_N10_check.json,logs/A_N10_check.log,
18,A_N10_5000ep,original program -- advantages computed across vehicles (defect 2),superseded,G1 | 0a | 10 | 5 | — | off | 5000 | 1 | ✅,train_b3_n10.py,results/_A_N10_5000ep.json,logs/A_N10_5000ep.log,
19,A_mode0c_check,original program -- advantages computed across vehicles (defect 2),superseded,G1 | 0c | 4 | 5 | — | off | 3000 | none | ✅,train_run3.py,results/_A_mode0c_check.json,logs/A_mode0c_check.log,checkpoints/A_mode0c_check_actors.pt
20,A_mode0c_seed2,original program -- advantages computed across vehicles (defect 2),superseded,G1 | 0c | 4 | 5 | — | off | 3000 | 2 | ✅,train_b2_c2.py,results/_A_mode0c_seed2.json,logs/A_mode0c_seed2.log,checkpoints/A_mode0c_seed2_actors.pt
21,A_mode0c_seed3,original program -- advantages computed across vehicles (defect 2),superseded,G1 | 0c | 4 | 5 | — | off | 3000 | 3 | ✅,train_b2_c3.py,results/_A_mode0c_seed3.json,logs/A_mode0c_seed3.log,checkpoints/A_mode0c_seed3_actors.pt
22,A_mode0c_seed4,original program -- advantages computed across vehicles (defect 2),superseded,G1 | 0c | 4 | 5 | — | off | 3000 | 4 | ✅,train_b2_c4.py,results/_A_mode0c_seed4.json,logs/A_mode0c_seed4.log,checkpoints/A_mode0c_seed4_actors.pt
23,A_mode0c_seed5,original program -- advantages computed across vehicles (defect 2),superseded,G1 | 0c | 4 | 5 | — | off | 3000 | 5 | ✅,train_b2_c5.py,results/_A_mode0c_seed5.json,logs/A_mode0c_seed5.log,checkpoints/A_mode0c_seed5_actors.pt
24,A_mode0c_N10_seed1,original program -- advantages computed across vehicles (defect 2),superseded,G1 | 0c | 10 | 5 | — | off | 5000 | 1 | ✅,train_b4_c1.py,results/_A_mode0c_N10_seed1.json,logs/A_mode0c_N10_seed1.log,checkpoints/A_mode0c_N10_seed1_actors.pt
25,A_mode0c_N10_seed2,original program -- advantages computed across vehicles (defect 2),superseded,G1 | 0c | 10 | 5 | — | off | 5000 | 2 | ✅,train_b4_c2.py,results/_A_mode0c_N10_seed2.json,logs/A_mode0c_N10_seed2.log,checkpoints/A_mode0c_N10_seed2_actors.pt
26,A_mode0c_N10_seed3,original program -- advantages computed across vehicles (defect 2),superseded,G1 | 0c | 10 | 5 | — | off | 5000 | 3 | ✅,train_b4_c3.py,results/_A_mode0c_N10_seed3.json,logs/A_mode0c_N10_seed3.log,checkpoints/A_mode0c_N10_seed3_actors.pt
27,A_mode0c_N10_seed4,original program -- advantages computed across vehicles (defect 2),superseded,G1 | 0c | 10 | 5 | — | off | 5000 | 4 | ✅,train_b4_c4.py,results/_A_mode0c_N10_seed4.json,logs/A_mode0c_N10_seed4.log,checkpoints/A_mode0c_N10_seed4_actors.pt
28,A_mode0c_N10_seed5,original program -- advantages computed across vehicles (defect 2),superseded,G1 | 0c | 10 | 5 | — | off | 5000 | 5 | ✅,train_b4_c5.py,results/_A_mode0c_N10_seed5.json,logs/A_mode0c_N10_seed5.log,checkpoints/A_mode0c_N10_seed5_actors.pt
29,C_N10_seed1,original program -- advantages computed across vehicles (defect 2),superseded,G1 | 0a | 10 | 5 | 2 | on | 5000 | 1 | 2.5 | ✅,train_b5_c0a1.py,results/_C_N10_seed1.json,logs/C_N10_seed1.log,
30,C_N10_seed2,original program -- advantages computed across vehicles (defect 2),superseded,G1 | 0a | 10 | 5 | 2 | on | 5000 | 2 | 2.5 | ✅,train_b5_c0a2.py,results/_C_N10_seed2.json,logs/C_N10_seed2.log,
31,D_N10_seed1,original program -- advantages computed across vehicles (defect 2),superseded,G1 | 0c | 10 | 5 | 2 | on | 5000 | 1 | 2.5 | ✅,train_b5_d0c1.py,results/_D_N10_seed1.json,logs/D_N10_seed1.log,checkpoints/D_N10_seed1_actors.pt
32,D_N10_seed2,original program -- advantages computed across vehicles (defect 2),superseded,G1 | 0c | 10 | 5 | 2 | on | 5000 | 2 | 2.5 | ✅,train_b5_d0c2.py,results/_D_N10_seed2.json,logs/D_N10_seed2.log,checkpoints/D_N10_seed2_actors.pt
33,D_N10_seed3,original program -- advantages computed across vehicles (defect 2),superseded,G1 | 0c | 10 | 5 | 2 | on | 5000 | 3 | 2.5 | ✅,train_b5_d0c3.py,results/_D_N10_seed3.json,logs/D_N10_seed3.log,checkpoints/D_N10_seed3_actors.pt
34,C_N4_seed1,original program -- advantages computed across vehicles (defect 2),superseded,G1 | 0a | 4 | 5 | 2 | on | 5000 | 1 | 1.0 | ✅,train_b6_c0a1.py,results/_C_N4_seed1.json,logs/C_N4_seed1.log,
35,C_N4_seed2,original program -- advantages computed across vehicles (defect 2),superseded,G1 | 0a | 4 | 5 | 2 | on | 5000 | 2 | 1.0 | ✅,train_b6_c0a2.py,results/_C_N4_seed2.json,logs/C_N4_seed2.log,
36,D_N4_seed1,original program -- advantages computed across vehicles (defect 2),superseded,G1 | 0c | 4 | 5 | 2 | on | 5000 | 1 | 1.0 | ✅,train_b6_d0c1.py,results/_D_N4_seed1.json,logs/D_N4_seed1.log,checkpoints/D_N4_seed1_actors.pt
37,D_N4_seed2,original program -- advantages computed across vehicles (defect 2),superseded,G1 | 0c | 4 | 5 | 2 | on | 5000 | 2 | 1.0 | ✅,train_b6_d0c2.py,results/_D_N4_seed2.json,logs/D_N4_seed2.log,checkpoints/D_N4_seed2_actors.pt
38,C_N10_seed3,original program -- advantages computed across vehicles (defect 2),superseded,G1 | 0a | 10 | 5 | 2 | on | 5000 | 3 | 2.5 | ✅,train_b6_c0a3.py,results/_C_N10_seed3.json,logs/C_N10_seed3.log,
39,C_N4_3000ep_seed3,original program -- advantages computed across vehicles (defect 2),superseded,G1 | 0a | 4 | 5 | 2 | on | 3000 | 3 | 1.0 | ✅,train_b7_s3.py,results/_C_N4_3000ep_seed3.json,logs/C_N4_3000ep_seed3.log,
40,C_N4_3000ep_seed4,original program -- advantages computed across vehicles (defect 2),superseded,G1 | 0a | 4 | 5 | 2 | on | 3000 | 4 | 1.0 | ✅,train_b7_s4.py,results/_C_N4_3000ep_seed4.json,logs/C_N4_3000ep_seed4.log,
41,C_N4_3000ep_seed5,original program -- advantages computed across vehicles (defect 2),superseded,G1 | 0a | 4 | 5 | 2 | on | 3000 | 5 | 1.0 | ✅,train_b7_s5.py,results/_C_N4_3000ep_seed5.json,logs/C_N4_3000ep_seed5.log,
42,C_N4_3000ep_seed6,original program -- advantages computed across vehicles (defect 2),superseded,G1 | 0a | 4 | 5 | 2 | on | 3000 | 6 | 1.0 | ✅,train_b7_s6.py,results/_C_N4_3000ep_seed6.json,logs/C_N4_3000ep_seed6.log,
43,C_N4_3000ep_seed10,original program -- advantages computed across vehicles (defect 2),superseded,G1 | 0a | 4 | 5 | 2 | on | 3000 | 10 | 1.0 | ✅,train_b7_s10.py,results/_C_N4_3000ep_seed10.json,logs/C_N4_3000ep_seed10.log,
44,C_N4_delta06_seed1,original program -- advantages computed across vehicles (defect 2),superseded,G1 | 0a | 4 | 5 | 2 | on | 5000 | 1 | 0.6 | ✅,train_b8_d06_s1.py,results/_C_N4_delta06_seed1.json,logs/C_N4_delta06_seed1.log,
45,C_N4_delta06_seed2,original program -- advantages computed across vehicles (defect 2),superseded,G1 | 0a | 4 | 5 | 2 | on | 5000 | 2 | 0.6 | ✅,train_b8_d06_s2.py,results/_C_N4_delta06_seed2.json,logs/C_N4_delta06_seed2.log,
46,C_N4_delta10_seed1,original program -- advantages computed across vehicles (defect 2),superseded,G1 | 0a | 4 | 5 | 2 | on | 5000 | 1 | 1.0 | ✅,train_b8_d10_s1.py,results/_C_N4_delta10_seed1.json,logs/C_N4_delta10_seed1.log,
47,C_N4_delta10_seed2,original program -- advantages computed across vehicles (defect 2),superseded,G1 | 0a | 4 | 5 | 2 | on | 5000 | 2 | 1.0 | ✅,train_b8_d10_s2.py,results/_C_N4_delta10_seed2.json,logs/C_N4_delta10_seed2.log,
48,C_N4_delta20_seed1,original program -- advantages computed across vehicles (defect 2),superseded,G1 | 0a | 4 | 5 | 2 | on | 5000 | 1 | 2.0 | ✅,train_b8_d20_s1.py,results/_C_N4_delta20_seed1.json,logs/C_N4_delta20_seed1.log,
49,A_N10_delta10_seed1,original program -- advantages computed across vehicles (defect 2),superseded,A | G1 | 0a | 10 | 5 | off | 5000 | 1 | 1.0 | A_N10_5000ep | ✅,train_b9_a_n10_s1.py,results/_A_N10_delta10_seed1.json,logs/A_N10_delta10_seed1.log,
50,A_N10_delta10_seed2,original program -- advantages computed across vehicles (defect 2),superseded,A | G1 | 0a | 10 | 5 | off | 5000 | 2 | 1.0 | — | ✅,train_b9_a_n10_s2.py,results/_A_N10_delta10_seed2.json,logs/A_N10_delta10_seed2.log,
51,A_N10_delta10_seed3,original program -- advantages computed across vehicles (defect 2),superseded,A | G1 | 0a | 10 | 5 | off | 5000 | 3 | 1.0 | — | ✅,train_b9_a_n10_s3.py,results/_A_N10_delta10_seed3.json,logs/A_N10_delta10_seed3.log,
52,A_N4_delta10_seed2,original program -- advantages computed across vehicles (defect 2),superseded,B | G1 | 0a | 4 | 5 | off | 5000 | 2 | 1.0 | A_N4_seed2_5000ep | ✅,train_b9_b_n4_s2.py,results/_A_N4_delta10_seed2.json,logs/A_N4_delta10_seed2.log,
53,A_N4_delta10_seed4,original program -- advantages computed across vehicles (defect 2),superseded,B | G1 | 0a | 4 | 5 | off | 5000 | 4 | 1.0 | A_N4_seed4_5000ep | ✅,train_b9_b_n4_s4.py,results/_A_N4_delta10_seed4.json,logs/A_N4_delta10_seed4.log,
54,A_N20_seed1_5000ep,original program -- advantages computed across vehicles (defect 2),superseded,G1 | 0a | 20 | 5 | off | 5000 | 1 | 4.0 | ✅,train_b10_n20_s1.py,results/_A_N20_seed1_5000ep.json,logs/A_N20_seed1_5000ep.log,
55,A_N20_seed2_5000ep,original program -- advantages computed across vehicles (defect 2),superseded,G1 | 0a | 20 | 5 | off | 5000 | 2 | 4.0 | ✅,train_b10_n20_s2.py,results/_A_N20_seed2_5000ep.json,logs/A_N20_seed2_5000ep.log,
56,A_N20_seed3_5000ep,original program -- advantages computed across vehicles (defect 2),superseded,G1 | 0a | 20 | 5 | off | 5000 | 3 | 4.0 | ✅,train_b10_n20_s3.py,results/_A_N20_seed3_5000ep.json,logs/A_N20_seed3_5000ep.log,
57,A_N15_seed1_5000ep,original program -- advantages computed across vehicles (defect 2),superseded,G1 | 0a | 15 | 5 | off | 5000 | 1 | 3.0 | ✅,train_b10_n15_s1.py,results/_A_N15_seed1_5000ep.json,logs/A_N15_seed1_5000ep.log,
58,A_N15_seed2_5000ep,original program -- advantages computed across vehicles (defect 2),superseded,G1 | 0a | 15 | 5 | off | 5000 | 2 | 3.0 | ✅,train_b10_n15_s2.py,results/_A_N15_seed2_5000ep.json,logs/A_N15_seed2_5000ep.log,
59,A_N5_seed1_5000ep,original program -- advantages computed across vehicles (defect 2),superseded,G1 | 0a | 5 | 5 | off | 5000 | 1 | 1.00 | ✅,train_b11_a_n5_seed1.py,results/_A_N5_seed1_5000ep.json,logs/A_N5_seed1_5000ep.log,
60,A_N5_seed2_5000ep,original program -- advantages computed across vehicles (defect 2),superseded,G1 | 0a | 5 | 5 | off | 5000 | 2 | 1.00 | ✅,train_b11_a_n5_seed2.py,results/_A_N5_seed2_5000ep.json,logs/A_N5_seed2_5000ep.log,
61,A_N5_seed3_5000ep,original program -- advantages computed across vehicles (defect 2),superseded,G1 | 0a | 5 | 5 | off | 5000 | 3 | 1.00 | ✅,train_b11_a_n5_seed3.py,results/_A_N5_seed3_5000ep.json,logs/A_N5_seed3_5000ep.log,
62,B_M3_seed1_5000ep,original program -- advantages computed across vehicles (defect 2),superseded,G1 | 0a | 4 | 3 | off | 5000 | 1 | 1.33 | ✅,train_b11_b_m3_seed1.py,results/_B_M3_seed1_5000ep.json,logs/B_M3_seed1_5000ep.log,
63,B_M3_seed2_5000ep,original program -- advantages computed across vehicles (defect 2),superseded,G1 | 0a | 4 | 3 | off | 5000 | 2 | 1.33 | ✅,train_b11_b_m3_seed2.py,results/_B_M3_seed2_5000ep.json,logs/B_M3_seed2_5000ep.log,
64,A_N6_seed1_5000ep,original program -- advantages computed across vehicles (defect 2),superseded,G1 | 0a | 6 | 5 | off | 5000 | 1 | 1.20 | ✅,train_b12_n6_s1_5000ep.py,results/_A_N6_seed1_5000ep.json,logs/A_N6_seed1_5000ep.log,
65,A_N6_seed2_5000ep,original program -- advantages computed across vehicles (defect 2),superseded,G1 | 0a | 6 | 5 | off | 5000 | 2 | 1.20 | ✅,train_b12_n6_s2_5000ep.py,results/_A_N6_seed2_5000ep.json,logs/A_N6_seed2_5000ep.log,
66,A_N6_seed3_5000ep,original program -- advantages computed across vehicles (defect 2),superseded,G1 | 0a | 6 | 5 | off | 5000 | 3 | 1.20 | ✅,train_b12_n6_s3_5000ep.py,results/_A_N6_seed3_5000ep.json,logs/A_N6_seed3_5000ep.log,
67,A_N6_seed1_10000ep,original program -- advantages computed across vehicles (defect 2),superseded,G1 | 0a | 6 | 5 | off | 10000 | 1 | 1.20 | ✅,train_b12_n6_s1_10000ep.py,results/_A_N6_seed1_10000ep.json,logs/A_N6_seed1_10000ep.log,
68,A_N6_seed2_10000ep,original program -- advantages computed across vehicles (defect 2),superseded,G1 | 0a | 6 | 5 | off | 10000 | 2 | 1.20 | ✅,train_b12_n6_s2_10000ep.py,results/_A_N6_seed2_10000ep.json,logs/A_N6_seed2_10000ep.log,
69,B_M3_seed3_5000ep,original program -- advantages computed across vehicles (defect 2),superseded,G1 | 0a | 4 | 3 | off | 5000 | 3 | 1.33 | ✅,train_b13_b_m3_seed3.py,results/_B_M3_seed3_5000ep.json,logs/B_M3_seed3_5000ep.log,
70,B_M3_seed4_5000ep,original program -- advantages computed across vehicles (defect 2),superseded,G1 | 0a | 4 | 3 | off | 5000 | 4 | 1.33 | ✅,train_b13_b_m3_seed4.py,results/_B_M3_seed4_5000ep.json,logs/B_M3_seed4_5000ep.log,
71,B_M3_seed5_5000ep,original program -- advantages computed across vehicles (defect 2),superseded,G1 | 0a | 4 | 3 | off | 5000 | 5 | 1.33 | ✅,train_b13_b_m3_seed5.py,results/_B_M3_seed5_5000ep.json,logs/B_M3_seed5_5000ep.log,
72,A_N5_seed4_5000ep,original program -- advantages computed across vehicles (defect 2),superseded,G1 | 0a | 5 | 5 | off | 5000 | 4 | 1.00 | ✅,train_b13_a_n5_seed4.py,results/_A_N5_seed4_5000ep.json,logs/A_N5_seed4_5000ep.log,
73,A_N5_seed5_5000ep,original program -- advantages computed across vehicles (defect 2),superseded,G1 | 0a | 5 | 5 | off | 5000 | 5 | 1.00 | ✅,train_b13_a_n5_seed5.py,results/_A_N5_seed5_5000ep.json,logs/A_N5_seed5_5000ep.log,
74,B_M4_seed1_5000ep,original program -- advantages computed across vehicles (defect 2),superseded,G1 | 0a | 4 | 4 | off | 5000 | 1 | 1.00 | ✅,train_b14_b_m4_seed1.py,results/_B_M4_seed1_5000ep.json,logs/B_M4_seed1_5000ep.log,
75,B_M4_seed2_5000ep,original program -- advantages computed across vehicles (defect 2),superseded,G1 | 0a | 4 | 4 | off | 5000 | 2 | 1.00 | ✅,train_b14_b_m4_seed2.py,results/_B_M4_seed2_5000ep.json,logs/B_M4_seed2_5000ep.log,
76,B_M4_seed3_5000ep,original program -- advantages computed across vehicles (defect 2),superseded,G1 | 0a | 4 | 4 | off | 5000 | 3 | 1.00 | ✅,train_b14_b_m4_seed3.py,results/_B_M4_seed3_5000ep.json,logs/B_M4_seed3_5000ep.log,
77,B_M4_seed4_5000ep,original program -- advantages computed across vehicles (defect 2),superseded,G1 | 0a | 4 | 4 | off | 5000 | 4 | 1.00 | ✅,train_b14_b_m4_seed4.py,results/_B_M4_seed4_5000ep.json,logs/B_M4_seed4_5000ep.log,
78,B_M4_seed5_5000ep,original program -- advantages computed across vehicles (defect 2),superseded,G1 | 0a | 4 | 4 | off | 5000 | 5 | 1.00 | ✅,train_b14_b_m4_seed5.py,results/_B_M4_seed5_5000ep.json,logs/B_M4_seed5_5000ep.log,
79,A_N5_seed1_10000ep,original program -- advantages computed across vehicles (defect 2),superseded,G1 | 0a | 5 | 5 | off | 10000 | 1 | 1.00 | ✅,train_b15_a_n5_seed1_10000ep.py,results/_A_N5_seed1_10000ep.json,logs/A_N5_seed1_10000ep.log,
80,A_N5_seed4_10000ep,original program -- advantages computed across vehicles (defect 2),superseded,G1 | 0a | 5 | 5 | off | 10000 | 4 | 1.00 | ✅,train_b15_a_n5_seed4_10000ep.py,results/_A_N5_seed4_10000ep.json,logs/A_N5_seed4_10000ep.log,
81,A_N7_seed2_5000ep,original program -- advantages computed across vehicles (defect 2),superseded,G1 | 0a | 7 | 5 | off | 5000 | 2 | 1.40 | ✅,train_b15_a_n7_seed2_5000ep.py,results/_A_N7_seed2_5000ep.json,logs/A_N7_seed2_5000ep.log,
82,A_N7_seed3_5000ep,original program -- advantages computed across vehicles (defect 2),superseded,G1 | 0a | 7 | 5 | off | 5000 | 3 | 1.40 | ✅,train_b15_a_n7_seed3_5000ep.py,results/_A_N7_seed3_5000ep.json,logs/A_N7_seed3_5000ep.log,
83,C_N4_seed3,original program -- advantages computed across vehicles (defect 2),superseded,"G1 | 0a | 4 | 5 | on, M_m0 = 2 | 5000 | 3 | 0.80 | ✅",train_b15_c_n4_seed3.py,results/_C_N4_seed3.json,logs/C_N4_seed3.log,
84,A_N10_seed2_5000ep,original program -- advantages computed across vehicles (defect 2),superseded,G1 | 0a | 10 | 5 | off | 5000 | 2 | 2.00 | ✅,train_b16_a_n10_seed2.py,results/_A_N10_seed2_5000ep.json,logs/A_N10_seed2_5000ep.log,
85,A_N10_seed3_5000ep,original program -- advantages computed across vehicles (defect 2),superseded,G1 | 0a | 10 | 5 | off | 5000 | 3 | 2.00 | ✅,train_b16_a_n10_seed3.py,results/_A_N10_seed3_5000ep.json,logs/A_N10_seed3_5000ep.log,
86,D_N4_seed3,original program -- advantages computed across vehicles (defect 2),superseded,"G1 | 0c | 4 | 5 | on, M_m0 = 2 | 5000 | 3 | 0.80 | ✅",train_b16_d_n4_seed3.py,results/_D_N4_seed3.json,logs/D_N4_seed3.log,checkpoints/D_N4_seed3_actors.pt
87,A_mode0c_N10_seed1_gaefix,per-agent GAE -- impact check at the original settings,diagnostic,G1 | 0c | 10 | 5 | off | 5000 | 1 | per-agent | A_mode0c_N10_seed1 | ✅,train_gf_A_mode0c_N10_seed1.py,results/_A_mode0c_N10_seed1_gaefix.json,logs/A_mode0c_N10_seed1_gaefix.log,checkpoints/A_mode0c_N10_seed1_gaefix_actors.pt
88,A_mode0c_N10_seed2_gaefix,per-agent GAE -- impact check at the original settings,diagnostic,G1 | 0c | 10 | 5 | off | 5000 | 2 | per-agent | A_mode0c_N10_seed2 | ✅,train_gf_A_mode0c_N10_seed2.py,results/_A_mode0c_N10_seed2_gaefix.json,logs/A_mode0c_N10_seed2_gaefix.log,checkpoints/A_mode0c_N10_seed2_gaefix_actors.pt
89,A_mode0c_N10_seed3_gaefix,per-agent GAE -- impact check at the original settings,diagnostic,G1 | 0c | 10 | 5 | off | 5000 | 3 | per-agent | A_mode0c_N10_seed3 | ✅,train_gf_A_mode0c_N10_seed3.py,results/_A_mode0c_N10_seed3_gaefix.json,logs/A_mode0c_N10_seed3_gaefix.log,checkpoints/A_mode0c_N10_seed3_gaefix_actors.pt
90,A_N6_seed1_5000ep_gaefix,per-agent GAE -- impact check at the original settings,diagnostic,G1 | 0a | 6 | 5 | off | 5000 | 1 | per-agent | A_N6_seed1_5000ep | ✅,train_gf_A_N6_seed1_5000ep.py,results/_A_N6_seed1_5000ep_gaefix.json,logs/A_N6_seed1_5000ep_gaefix.log,
91,A_N6_seed2_5000ep_gaefix,per-agent GAE -- impact check at the original settings,diagnostic,G1 | 0a | 6 | 5 | off | 5000 | 2 | per-agent | A_N6_seed2_5000ep | ✅,train_gf_A_N6_seed2_5000ep.py,results/_A_N6_seed2_5000ep_gaefix.json,logs/A_N6_seed2_5000ep_gaefix.log,
92,A_N6_seed3_5000ep_gaefix,per-agent GAE -- impact check at the original settings,diagnostic,G1 | 0a | 6 | 5 | off | 5000 | 3 | per-agent | A_N6_seed3_5000ep | ✅,train_gf_A_N6_seed3_5000ep.py,results/_A_N6_seed3_5000ep_gaefix.json,logs/A_N6_seed3_5000ep_gaefix.log,
93,A_N4_seed2_5000ep_gaefix,per-agent GAE -- impact check at the original settings,diagnostic,G1 | 0a | 4 | 5 | off | 5000 | 2 | per-agent | A_N4_seed2_5000ep | ✅,train_gf_A_N4_seed2_5000ep.py,results/_A_N4_seed2_5000ep_gaefix.json,logs/A_N4_seed2_5000ep_gaefix.log,
94,A_N4_seed4_5000ep_gaefix,per-agent GAE -- impact check at the original settings,diagnostic,G1 | 0a | 4 | 5 | off | 5000 | 4 | per-agent | A_N4_seed4_5000ep | ✅,train_gf_A_N4_seed4_5000ep.py,results/_A_N4_seed4_5000ep_gaefix.json,logs/A_N4_seed4_5000ep_gaefix.log,
95,A_N4_seed6_5000ep_gaefix,per-agent GAE -- impact check at the original settings,diagnostic,G1 | 0a | 4 | 5 | off | 5000 | 6 | per-agent | A_N4_seed6_5000ep | ✅,train_gf_A_N4_seed6_5000ep.py,results/_A_N4_seed6_5000ep_gaefix.json,logs/A_N4_seed6_5000ep_gaefix.log,
96,A_mode0c_seed2_gaefix,per-agent GAE -- settings screen (batches 19-21),diagnostic,19 | 0c | 4 | 5 | 3000 | 2 | 0.99 | 0.05 | A_mode0c_seed2 | ✅,train_d2_A_mode0c_seed2_gaefix.py,results/_A_mode0c_seed2_gaefix.json,logs/A_mode0c_seed2_gaefix.log,checkpoints/A_mode0c_seed2_gaefix_actors.pt
97,A_mode0c_seed2_gaefix_ent01,per-agent GAE -- settings screen (batches 19-21),diagnostic,19 | 0c | 4 | 5 | 3000 | 2 | 0.99 | 0.01 | A_mode0c_seed2 | ✅,train_d2_A_mode0c_seed2_gaefix_ent01.py,results/_A_mode0c_seed2_gaefix_ent01.json,logs/A_mode0c_seed2_gaefix_ent01.log,checkpoints/A_mode0c_seed2_gaefix_ent01_actors.pt
98,A_mode0c_seed2_gaefix_g05,per-agent GAE -- settings screen (batches 19-21),diagnostic,19 | 0c | 4 | 5 | 3000 | 2 | 0.5 | 0.05 | A_mode0c_seed2 | ✅,train_d2_A_mode0c_seed2_gaefix_g05.py,results/_A_mode0c_seed2_gaefix_g05.json,logs/A_mode0c_seed2_gaefix_g05.log,checkpoints/A_mode0c_seed2_gaefix_g05_actors.pt
99,A_mode0c_seed2_gaefix_g05_ent01,per-agent GAE -- settings screen (batches 19-21),supplementary,19 | 0c | 4 | 5 | 3000 | 2 | 0.5 | 0.01 | A_mode0c_seed2 | ✅,train_d2_A_mode0c_seed2_gaefix_g05_ent01.py,results/_A_mode0c_seed2_gaefix_g05_ent01.json,logs/A_mode0c_seed2_gaefix_g05_ent01.log,checkpoints/A_mode0c_seed2_gaefix_g05_ent01_actors.pt
100,A_mode0c_seed3_gaefix_g05_ent01,per-agent GAE -- settings screen (batches 19-21),supplementary,19 | 0c | 4 | 5 | 3000 | 3 | 0.5 | 0.01 | A_mode0c_seed3 | ✅,train_d2_A_mode0c_seed3_gaefix_g05_ent01.py,results/_A_mode0c_seed3_gaefix_g05_ent01.json,logs/A_mode0c_seed3_gaefix_g05_ent01.log,checkpoints/A_mode0c_seed3_gaefix_g05_ent01_actors.pt
101,A_mode0c_seed3_gaefix,per-agent GAE -- settings screen (batches 19-21),diagnostic,20 | 0c | 4 | 5 | 3000 | 3 | 0.99 | 0.05 | A_mode0c_seed3 | ✅,train_d2_A_mode0c_seed3_gaefix.py,results/_A_mode0c_seed3_gaefix.json,logs/A_mode0c_seed3_gaefix.log,checkpoints/A_mode0c_seed3_gaefix_actors.pt
102,A_mode0c_seed3_gaefix_ent01,per-agent GAE -- settings screen (batches 19-21),diagnostic,20 | 0c | 4 | 5 | 3000 | 3 | 0.99 | 0.01 | A_mode0c_seed3 | ✅,train_d2_A_mode0c_seed3_gaefix_ent01.py,results/_A_mode0c_seed3_gaefix_ent01.json,logs/A_mode0c_seed3_gaefix_ent01.log,checkpoints/A_mode0c_seed3_gaefix_ent01_actors.pt
103,A_mode0c_seed3_gaefix_g05,per-agent GAE -- settings screen (batches 19-21),diagnostic,20 | 0c | 4 | 5 | 3000 | 3 | 0.5 | 0.05 | A_mode0c_seed3 | ✅,train_d2_A_mode0c_seed3_gaefix_g05.py,results/_A_mode0c_seed3_gaefix_g05.json,logs/A_mode0c_seed3_gaefix_g05.log,checkpoints/A_mode0c_seed3_gaefix_g05_actors.pt
104,A_N4_seed2_5000ep_gaefix_g05_ent01,per-agent GAE -- settings screen (batches 19-21),reported,20 | 0a | 4 | 5 | 5000 | 2 | 0.5 | 0.01 | A_N4_seed2_5000ep | ✅,train_d2_A_N4_seed2_5000ep_gaefix_g05_ent01.py,results/_A_N4_seed2_5000ep_gaefix_g05_ent01.json,logs/A_N4_seed2_5000ep_gaefix_g05_ent01.log,
105,A_N4_seed4_5000ep_gaefix_g05_ent01,per-agent GAE -- settings screen (batches 19-21),reported,20 | 0a | 4 | 5 | 5000 | 4 | 0.5 | 0.01 | A_N4_seed4_5000ep | ✅,train_d2_A_N4_seed4_5000ep_gaefix_g05_ent01.py,results/_A_N4_seed4_5000ep_gaefix_g05_ent01.json,logs/A_N4_seed4_5000ep_gaefix_g05_ent01.log,
106,A_mode0c_N10_seed1_gaefix_g05_ent01,per-agent GAE -- settings screen (batches 19-21),reported,21 | 0c | 10 | 5 | 5000 | 1 | 0.5 | 0.01 | A_mode0c_N10_seed1 | ✅,train_d3_A_mode0c_N10_seed1_gaefix_g05_ent01.py,results/_A_mode0c_N10_seed1_gaefix_g05_ent01.json,logs/A_mode0c_N10_seed1_gaefix_g05_ent01.log,checkpoints/A_mode0c_N10_seed1_gaefix_g05_ent01_actors.pt
107,A_mode0c_N10_seed2_gaefix_g05_ent01,per-agent GAE -- settings screen (batches 19-21),reported,21 | 0c | 10 | 5 | 5000 | 2 | 0.5 | 0.01 | A_mode0c_N10_seed2 | ✅,train_d3_A_mode0c_N10_seed2_gaefix_g05_ent01.py,results/_A_mode0c_N10_seed2_gaefix_g05_ent01.json,logs/A_mode0c_N10_seed2_gaefix_g05_ent01.log,checkpoints/A_mode0c_N10_seed2_gaefix_g05_ent01_actors.pt
108,A_mode0c_N10_seed3_gaefix_g05_ent01,per-agent GAE -- settings screen (batches 19-21),reported,21 | 0c | 10 | 5 | 5000 | 3 | 0.5 | 0.01 | A_mode0c_N10_seed3 | ✅,train_d3_A_mode0c_N10_seed3_gaefix_g05_ent01.py,results/_A_mode0c_N10_seed3_gaefix_g05_ent01.json,logs/A_mode0c_N10_seed3_gaefix_g05_ent01.log,checkpoints/A_mode0c_N10_seed3_gaefix_g05_ent01_actors.pt
109,A_N10_seed2_5000ep_gaefix_g05_ent01,per-agent GAE -- settings screen (batches 19-21),reported,21 | 0a | 10 | 5 | 5000 | 2 | 0.5 | 0.01 | A_N10_seed2_5000ep | ✅,train_d3_A_N10_seed2_5000ep_gaefix_g05_ent01.py,results/_A_N10_seed2_5000ep_gaefix_g05_ent01.json,logs/A_N10_seed2_5000ep_gaefix_g05_ent01.log,
110,A_N10_seed3_5000ep_gaefix_g05_ent01,per-agent GAE -- settings screen (batches 19-21),reported,21 | 0a | 10 | 5 | 5000 | 3 | 0.5 | 0.01 | A_N10_seed3_5000ep | ✅,train_d3_A_N10_seed3_5000ep_gaefix_g05_ent01.py,results/_A_N10_seed3_5000ep_gaefix_g05_ent01.json,logs/A_N10_seed3_5000ep_gaefix_g05_ent01.log,
111,A_mode0c_N10_seed4_gaefix_g05_ent01,per-agent GAE -- rebuild (batches 22-28),reported,22 | 0c | 10 | 5 | 5000 | 4 | 0.5 | 0.01 | A_mode0c_N10_seed4 | ✅,train_d4_A_mode0c_N10_seed4_gaefix_g05_ent01.py,results/_A_mode0c_N10_seed4_gaefix_g05_ent01.json,logs/A_mode0c_N10_seed4_gaefix_g05_ent01.log,checkpoints/A_mode0c_N10_seed4_gaefix_g05_ent01_actors.pt
112,A_mode0c_N10_seed5_gaefix_g05_ent01,per-agent GAE -- rebuild (batches 22-28),reported,22 | 0c | 10 | 5 | 5000 | 5 | 0.5 | 0.01 | A_mode0c_N10_seed5 | ✅,train_d4_A_mode0c_N10_seed5_gaefix_g05_ent01.py,results/_A_mode0c_N10_seed5_gaefix_g05_ent01.json,logs/A_mode0c_N10_seed5_gaefix_g05_ent01.log,checkpoints/A_mode0c_N10_seed5_gaefix_g05_ent01_actors.pt
113,A_N10_seed1_5000ep_gaefix_g05_ent01,per-agent GAE -- rebuild (batches 22-28),reported,22 | 0a | 10 | 5 | 5000 | 1 | 0.5 | 0.01 | A_N10_5000ep | ✅,train_d4_A_N10_seed1_5000ep_gaefix_g05_ent01.py,results/_A_N10_seed1_5000ep_gaefix_g05_ent01.json,logs/A_N10_seed1_5000ep_gaefix_g05_ent01.log,
114,A_N4_seed6_5000ep_gaefix_g05_ent01,per-agent GAE -- rebuild (batches 22-28),supplementary,22 | 0a | 4 | 5 | 5000 | 6 | 0.5 | 0.01 | A_N4_seed6_5000ep | ✅,train_d4_A_N4_seed6_5000ep_gaefix_g05_ent01.py,results/_A_N4_seed6_5000ep_gaefix_g05_ent01.json,logs/A_N4_seed6_5000ep_gaefix_g05_ent01.log,
115,A_N4_seed10_5000ep_gaefix_g05_ent01,per-agent GAE -- rebuild (batches 22-28),supplementary,22 | 0a | 4 | 5 | 5000 | 10 | 0.5 | 0.01 | A_N4_seed10_5000ep | ✅,train_d4_A_N4_seed10_5000ep_gaefix_g05_ent01.py,results/_A_N4_seed10_5000ep_gaefix_g05_ent01.json,logs/A_N4_seed10_5000ep_gaefix_g05_ent01.log,
116,A_N4_seed1_5000ep_gaefix_g05_ent01,per-agent GAE -- rebuild (batches 22-28),reported,22 | 0a | 4 | 5 | 5000 | 1 (new) | 0.5 | 0.01 | — (runner of A_N4_seed2_5000ep) | ✅,train_d4_A_N4_seed1_5000ep_gaefix_g05_ent01.py,results/_A_N4_seed1_5000ep_gaefix_g05_ent01.json,logs/A_N4_seed1_5000ep_gaefix_g05_ent01.log,
117,A_mode0c_seed4_gaefix_g05_ent01,per-agent GAE -- rebuild (batches 22-28),supplementary,22 | 0c | 4 | 5 | 3000 | 4 | 0.5 | 0.01 | A_mode0c_seed4 | ✅,train_d4_A_mode0c_seed4_gaefix_g05_ent01.py,results/_A_mode0c_seed4_gaefix_g05_ent01.json,logs/A_mode0c_seed4_gaefix_g05_ent01.log,checkpoints/A_mode0c_seed4_gaefix_g05_ent01_actors.pt
118,A_mode0c_seed5_gaefix_g05_ent01,per-agent GAE -- rebuild (batches 22-28),supplementary,22 | 0c | 4 | 5 | 3000 | 5 | 0.5 | 0.01 | A_mode0c_seed5 | ✅,train_d4_A_mode0c_seed5_gaefix_g05_ent01.py,results/_A_mode0c_seed5_gaefix_g05_ent01.json,logs/A_mode0c_seed5_gaefix_g05_ent01.log,checkpoints/A_mode0c_seed5_gaefix_g05_ent01_actors.pt
119,A_mode0c_seed1_gaefix_g05_ent01,per-agent GAE -- rebuild (batches 22-28),supplementary,22 | 0c | 4 | 5 | 3000 | 1 (new) | 0.5 | 0.01 | — (runner of A_mode0c_seed2) | ✅,train_d4_A_mode0c_seed1_gaefix_g05_ent01.py,results/_A_mode0c_seed1_gaefix_g05_ent01.json,logs/A_mode0c_seed1_gaefix_g05_ent01.log,checkpoints/A_mode0c_seed1_gaefix_g05_ent01_actors.pt
120,D_N10_seed1_gaefix_g05_ent01,per-agent GAE -- rebuild (batches 22-28),reported,23 | 0c + DS | 10 | 5 | 5000 | 1 | 0.5 | 0.01 | D_N10_seed1 | ✅,train_d5_D_N10_seed1_gaefix_g05_ent01.py,results/_D_N10_seed1_gaefix_g05_ent01.json,logs/D_N10_seed1_gaefix_g05_ent01.log,checkpoints/D_N10_seed1_gaefix_g05_ent01_actors.pt
121,D_N10_seed2_gaefix_g05_ent01,per-agent GAE -- rebuild (batches 22-28),reported,23 | 0c + DS | 10 | 5 | 5000 | 2 | 0.5 | 0.01 | D_N10_seed2 | ✅,train_d5_D_N10_seed2_gaefix_g05_ent01.py,results/_D_N10_seed2_gaefix_g05_ent01.json,logs/D_N10_seed2_gaefix_g05_ent01.log,checkpoints/D_N10_seed2_gaefix_g05_ent01_actors.pt
122,D_N10_seed3_gaefix_g05_ent01,per-agent GAE -- rebuild (batches 22-28),reported,23 | 0c + DS | 10 | 5 | 5000 | 3 | 0.5 | 0.01 | D_N10_seed3 | ✅,train_d5_D_N10_seed3_gaefix_g05_ent01.py,results/_D_N10_seed3_gaefix_g05_ent01.json,logs/D_N10_seed3_gaefix_g05_ent01.log,checkpoints/D_N10_seed3_gaefix_g05_ent01_actors.pt
123,C_N4_seed1_gaefix_g05_ent01,per-agent GAE -- rebuild (batches 22-28),supplementary,23 | 0a + DS | 4 | 5 | 5000 | 1 | 0.5 | 0.01 | C_N4_seed1 | ✅,train_d5_C_N4_seed1_gaefix_g05_ent01.py,results/_C_N4_seed1_gaefix_g05_ent01.json,logs/C_N4_seed1_gaefix_g05_ent01.log,
124,C_N4_seed2_gaefix_g05_ent01,per-agent GAE -- rebuild (batches 22-28),supplementary,23 | 0a + DS | 4 | 5 | 5000 | 2 | 0.5 | 0.01 | C_N4_seed2 | ✅,train_d5_C_N4_seed2_gaefix_g05_ent01.py,results/_C_N4_seed2_gaefix_g05_ent01.json,logs/C_N4_seed2_gaefix_g05_ent01.log,
125,C_N10_seed1_gaefix_g05_ent01,per-agent GAE -- rebuild (batches 22-28),supplementary,23 | 0a + DS | 10 | 5 | 5000 | 1 | 0.5 | 0.01 | C_N10_seed1 | ✅,train_d5_C_N10_seed1_gaefix_g05_ent01.py,results/_C_N10_seed1_gaefix_g05_ent01.json,logs/C_N10_seed1_gaefix_g05_ent01.log,
126,C_N10_seed2_gaefix_g05_ent01,per-agent GAE -- rebuild (batches 22-28),supplementary,23 | 0a + DS | 10 | 5 | 5000 | 2 | 0.5 | 0.01 | C_N10_seed2 | ✅,train_d5_C_N10_seed2_gaefix_g05_ent01.py,results/_C_N10_seed2_gaefix_g05_ent01.json,logs/C_N10_seed2_gaefix_g05_ent01.log,
127,A_mode0c_seed1_5000ep_gaefix_g05_ent01,per-agent GAE -- rebuild (batches 22-28),reported,23 | 0c | 4 | 5 | 5000 | 1 (new) | 0.5 | 0.01 | — (runner of A_mode0c_seed2) | ✅,train_d5_A_mode0c_seed1_5000ep_gaefix_g05_ent01.py,results/_A_mode0c_seed1_5000ep_gaefix_g05_ent01.json,logs/A_mode0c_seed1_5000ep_gaefix_g05_ent01.log,checkpoints/A_mode0c_seed1_5000ep_gaefix_g05_ent01_actors.pt
128,A_mode0c_seed2_5000ep_gaefix_g05_ent01,per-agent GAE -- rebuild (batches 22-28),reported,23 | 0c | 4 | 5 | 5000 | 2 | 0.5 | 0.01 | A_mode0c_seed2 | ✅,train_d5_A_mode0c_seed2_5000ep_gaefix_g05_ent01.py,results/_A_mode0c_seed2_5000ep_gaefix_g05_ent01.json,logs/A_mode0c_seed2_5000ep_gaefix_g05_ent01.log,checkpoints/A_mode0c_seed2_5000ep_gaefix_g05_ent01_actors.pt
129,A_mode0c_seed3_5000ep_gaefix_g05_ent01,per-agent GAE -- rebuild (batches 22-28),reported,23 | 0c | 4 | 5 | 5000 | 3 | 0.5 | 0.01 | A_mode0c_seed3 | ✅,train_d5_A_mode0c_seed3_5000ep_gaefix_g05_ent01.py,results/_A_mode0c_seed3_5000ep_gaefix_g05_ent01.json,logs/A_mode0c_seed3_5000ep_gaefix_g05_ent01.log,checkpoints/A_mode0c_seed3_5000ep_gaefix_g05_ent01_actors.pt
130,A_mode0c_seed4_5000ep_gaefix_g05_ent01,per-agent GAE -- rebuild (batches 22-28),reported,23 | 0c | 4 | 5 | 5000 | 4 | 0.5 | 0.01 | A_mode0c_seed4 | ✅,train_d5_A_mode0c_seed4_5000ep_gaefix_g05_ent01.py,results/_A_mode0c_seed4_5000ep_gaefix_g05_ent01.json,logs/A_mode0c_seed4_5000ep_gaefix_g05_ent01.log,checkpoints/A_mode0c_seed4_5000ep_gaefix_g05_ent01_actors.pt
131,A_mode0c_seed5_5000ep_gaefix_g05_ent01,per-agent GAE -- rebuild (batches 22-28),reported,23 | 0c | 4 | 5 | 5000 | 5 | 0.5 | 0.01 | A_mode0c_seed5 | ✅,train_d5_A_mode0c_seed5_5000ep_gaefix_g05_ent01.py,results/_A_mode0c_seed5_5000ep_gaefix_g05_ent01.json,logs/A_mode0c_seed5_5000ep_gaefix_g05_ent01.log,checkpoints/A_mode0c_seed5_5000ep_gaefix_g05_ent01_actors.pt
132,A_mode0c_N10_seed1_gaefix_g05_ent01_lc,per-agent GAE -- rebuild (batches 22-28),reported,"24 | 0c, local | 10 | 5 | 5000 | 1 | 0.5 | 0.01 | A_mode0c_N10_seed1_gaefix_g05_ent01 | ✅",train_d6_A_mode0c_N10_seed1_gaefix_g05_ent01_lc.py,results/_A_mode0c_N10_seed1_gaefix_g05_ent01_lc.json,logs/A_mode0c_N10_seed1_gaefix_g05_ent01_lc.log,checkpoints/A_mode0c_N10_seed1_gaefix_g05_ent01_lc_actors.pt
133,A_mode0c_N10_seed2_gaefix_g05_ent01_lc,per-agent GAE -- rebuild (batches 22-28),reported,"24 | 0c, local | 10 | 5 | 5000 | 2 | 0.5 | 0.01 | A_mode0c_N10_seed2_gaefix_g05_ent01 | ✅",train_d6_A_mode0c_N10_seed2_gaefix_g05_ent01_lc.py,results/_A_mode0c_N10_seed2_gaefix_g05_ent01_lc.json,logs/A_mode0c_N10_seed2_gaefix_g05_ent01_lc.log,checkpoints/A_mode0c_N10_seed2_gaefix_g05_ent01_lc_actors.pt
134,A_mode0c_N10_seed3_gaefix_g05_ent01_lc,per-agent GAE -- rebuild (batches 22-28),reported,"24 | 0c, local | 10 | 5 | 5000 | 3 | 0.5 | 0.01 | A_mode0c_N10_seed3_gaefix_g05_ent01 | ✅",train_d6_A_mode0c_N10_seed3_gaefix_g05_ent01_lc.py,results/_A_mode0c_N10_seed3_gaefix_g05_ent01_lc.json,logs/A_mode0c_N10_seed3_gaefix_g05_ent01_lc.log,checkpoints/A_mode0c_N10_seed3_gaefix_g05_ent01_lc_actors.pt
135,A_mode0c_N10_seed1_gaefix_g05_ent01_as,per-agent GAE -- rebuild (batches 22-28),reported,"24 | 0c, agent-specific | 10 | 5 | 5000 | 1 | 0.5 | 0.01 | A_mode0c_N10_seed1_gaefix_g05_ent01 | ✅ (re-run after a CUDA fault — note 9)",train_d6_A_mode0c_N10_seed1_gaefix_g05_ent01_as.py,results/_A_mode0c_N10_seed1_gaefix_g05_ent01_as.json,logs/A_mode0c_N10_seed1_gaefix_g05_ent01_as.log (crashed attempt: ..._crash1.log),checkpoints/A_mode0c_N10_seed1_gaefix_g05_ent01_as_actors.pt
136,A_mode0c_N10_seed2_gaefix_g05_ent01_as,per-agent GAE -- rebuild (batches 22-28),reported,"24 | 0c, agent-specific | 10 | 5 | 5000 | 2 | 0.5 | 0.01 | A_mode0c_N10_seed2_gaefix_g05_ent01 | ✅",train_d6_A_mode0c_N10_seed2_gaefix_g05_ent01_as.py,results/_A_mode0c_N10_seed2_gaefix_g05_ent01_as.json,logs/A_mode0c_N10_seed2_gaefix_g05_ent01_as.log,checkpoints/A_mode0c_N10_seed2_gaefix_g05_ent01_as_actors.pt
137,A_mode0c_seed1_5000ep_gaefix_g05_ent01_as,per-agent GAE -- rebuild (batches 22-28),reported,"24 | 0c, agent-specific | 4 | 5 | 5000 | 1 | 0.5 | 0.01 | A_mode0c_seed1_5000ep_gaefix_g05_ent01 | ✅",train_d6_A_mode0c_seed1_5000ep_gaefix_g05_ent01_as.py,results/_A_mode0c_seed1_5000ep_gaefix_g05_ent01_as.json,logs/A_mode0c_seed1_5000ep_gaefix_g05_ent01_as.log,checkpoints/A_mode0c_seed1_5000ep_gaefix_g05_ent01_as_actors.pt
138,A_mode0c_seed2_5000ep_gaefix_g05_ent01_as,per-agent GAE -- rebuild (batches 22-28),reported,"24 | 0c, agent-specific | 4 | 5 | 5000 | 2 | 0.5 | 0.01 | A_mode0c_seed2_5000ep_gaefix_g05_ent01 | ✅",train_d6_A_mode0c_seed2_5000ep_gaefix_g05_ent01_as.py,results/_A_mode0c_seed2_5000ep_gaefix_g05_ent01_as.json,logs/A_mode0c_seed2_5000ep_gaefix_g05_ent01_as.log,checkpoints/A_mode0c_seed2_5000ep_gaefix_g05_ent01_as_actors.pt
139,A_mode0c_seed3_5000ep_gaefix_g05_ent01_as,per-agent GAE -- rebuild (batches 22-28),reported,"24 | 0c, agent-specific | 4 | 5 | 5000 | 3 | 0.5 | 0.01 | A_mode0c_seed3_5000ep_gaefix_g05_ent01 | ✅",train_d6_A_mode0c_seed3_5000ep_gaefix_g05_ent01_as.py,results/_A_mode0c_seed3_5000ep_gaefix_g05_ent01_as.json,logs/A_mode0c_seed3_5000ep_gaefix_g05_ent01_as.log,checkpoints/A_mode0c_seed3_5000ep_gaefix_g05_ent01_as_actors.pt
140,A_mode0c_seed1_5000ep_gaefix_g05_ent01_lc,per-agent GAE -- rebuild (batches 22-28),reported,"24 | 0c, local | 4 | 5 | 5000 | 1 | 0.5 | 0.01 | A_mode0c_seed1_5000ep_gaefix_g05_ent01 | ✅",train_d6_A_mode0c_seed1_5000ep_gaefix_g05_ent01_lc.py,results/_A_mode0c_seed1_5000ep_gaefix_g05_ent01_lc.json,logs/A_mode0c_seed1_5000ep_gaefix_g05_ent01_lc.log,checkpoints/A_mode0c_seed1_5000ep_gaefix_g05_ent01_lc_actors.pt
141,A_mode0c_seed2_5000ep_gaefix_g05_ent01_lc,per-agent GAE -- rebuild (batches 22-28),reported,"24 | 0c, local | 4 | 5 | 5000 | 2 | 0.5 | 0.01 | A_mode0c_seed2_5000ep_gaefix_g05_ent01 | ✅",train_d6_A_mode0c_seed2_5000ep_gaefix_g05_ent01_lc.py,results/_A_mode0c_seed2_5000ep_gaefix_g05_ent01_lc.json,logs/A_mode0c_seed2_5000ep_gaefix_g05_ent01_lc.log,checkpoints/A_mode0c_seed2_5000ep_gaefix_g05_ent01_lc_actors.pt
142,A_mode0c_N10_M7_seed1_gaefix_g05_ent01,per-agent GAE -- rebuild (batches 22-28),reported,"25 | 0c, shared, M = 7 | 10 | 7 | 5000 | 1 | 0.5 | 0.01 | ✅",train_d7_A_mode0c_N10_M7_seed1_gaefix_g05_ent01.py,results/_A_mode0c_N10_M7_seed1_gaefix_g05_ent01.json,logs/A_mode0c_N10_M7_seed1_gaefix_g05_ent01.log,checkpoints/A_mode0c_N10_M7_seed1_gaefix_g05_ent01_actors.pt
143,A_mode0c_N10_M7_seed2_gaefix_g05_ent01,per-agent GAE -- rebuild (batches 22-28),reported,"25 | 0c, shared, M = 7 | 10 | 7 | 5000 | 2 | 0.5 | 0.01 | ✅",train_d7_A_mode0c_N10_M7_seed2_gaefix_g05_ent01.py,results/_A_mode0c_N10_M7_seed2_gaefix_g05_ent01.json,logs/A_mode0c_N10_M7_seed2_gaefix_g05_ent01.log,checkpoints/A_mode0c_N10_M7_seed2_gaefix_g05_ent01_actors.pt
144,A_mode0c_N10_M7_seed3_gaefix_g05_ent01,per-agent GAE -- rebuild (batches 22-28),reported,"25 | 0c, shared, M = 7 | 10 | 7 | 5000 | 3 | 0.5 | 0.01 | ✅",train_d7_A_mode0c_N10_M7_seed3_gaefix_g05_ent01.py,results/_A_mode0c_N10_M7_seed3_gaefix_g05_ent01.json,logs/A_mode0c_N10_M7_seed3_gaefix_g05_ent01.log,checkpoints/A_mode0c_N10_M7_seed3_gaefix_g05_ent01_actors.pt
145,D_N10_M7_pool5_seed3_gaefix_g05_ent01,per-agent GAE -- rebuild (batches 22-28),reported,"25 | 0c + DS pool 5, M = 7 | 10 | 7 | 5000 | 3 | 0.5 | 0.01 | ✅",train_d7_D_N10_M7_pool5_seed3_gaefix_g05_ent01.py,results/_D_N10_M7_pool5_seed3_gaefix_g05_ent01.json,logs/D_N10_M7_pool5_seed3_gaefix_g05_ent01.log,checkpoints/D_N10_M7_pool5_seed3_gaefix_g05_ent01_actors.pt
146,A_N4_seed2_5000ep_gaefix_g05_ent01_lc,per-agent GAE -- rebuild (batches 22-28),reported,"25 | 0a, local | 4 | 5 | 5000 | 2 | 0.5 | 0.01 | ✅",train_d7_A_N4_seed2_5000ep_gaefix_g05_ent01_lc.py,results/_A_N4_seed2_5000ep_gaefix_g05_ent01_lc.json,logs/A_N4_seed2_5000ep_gaefix_g05_ent01_lc.log,
147,A_mode0c_N10_seed3_gaefix_g05_ent01_as,per-agent GAE -- rebuild (batches 22-28),reported,"25 | 0c, agent-specific | 10 | 5 | 5000 | 3 | 0.5 | 0.01 | ✅",train_d7_A_mode0c_N10_seed3_gaefix_g05_ent01_as.py,results/_A_mode0c_N10_seed3_gaefix_g05_ent01_as.json,logs/A_mode0c_N10_seed3_gaefix_g05_ent01_as.log,checkpoints/A_mode0c_N10_seed3_gaefix_g05_ent01_as_actors.pt
148,D_N10_M7_pool5_seed1_gaefix_g05_ent01,per-agent GAE -- rebuild (batches 22-28),reported,"25 | 0c + DS pool 5, M = 7 | 10 | 7 | 5000 | 1 | 0.5 | 0.01 | ✅",train_d7_D_N10_M7_pool5_seed1_gaefix_g05_ent01.py,results/_D_N10_M7_pool5_seed1_gaefix_g05_ent01.json,logs/D_N10_M7_pool5_seed1_gaefix_g05_ent01.log,checkpoints/D_N10_M7_pool5_seed1_gaefix_g05_ent01_actors.pt
149,D_N10_M7_pool5_seed2_gaefix_g05_ent01,per-agent GAE -- rebuild (batches 22-28),reported,"25 | 0c + DS pool 5, M = 7 | 10 | 7 | 5000 | 2 | 0.5 | 0.01 | ✅",train_d7_D_N10_M7_pool5_seed2_gaefix_g05_ent01.py,results/_D_N10_M7_pool5_seed2_gaefix_g05_ent01.json,logs/D_N10_M7_pool5_seed2_gaefix_g05_ent01.log,checkpoints/D_N10_M7_pool5_seed2_gaefix_g05_ent01_actors.pt
150,A_mode0c_seed3_5000ep_gaefix_g05_ent01_lc,per-agent GAE -- rebuild (batches 22-28),reported,"25 | 0c, local | 4 | 5 | 5000 | 3 | 0.5 | 0.01 | ✅",train_d7_A_mode0c_seed3_5000ep_gaefix_g05_ent01_lc.py,results/_A_mode0c_seed3_5000ep_gaefix_g05_ent01_lc.json,logs/A_mode0c_seed3_5000ep_gaefix_g05_ent01_lc.log,checkpoints/A_mode0c_seed3_5000ep_gaefix_g05_ent01_lc_actors.pt
151,A_N4_seed4_5000ep_gaefix_g05_ent01_lc,per-agent GAE -- rebuild (batches 22-28),reported,"25 | 0a, local | 4 | 5 | 5000 | 4 | 0.5 | 0.01 | ✅",train_d7_A_N4_seed4_5000ep_gaefix_g05_ent01_lc.py,results/_A_N4_seed4_5000ep_gaefix_g05_ent01_lc.json,logs/A_N4_seed4_5000ep_gaefix_g05_ent01_lc.log,
152,A_N4_seed1_5000ep_gaefix_g05_ent01_lc,per-agent GAE -- rebuild (batches 22-28),reported,"25 | 0a, local | 4 | 5 | 5000 | 1 | 0.5 | 0.01 | ✅",train_d7_A_N4_seed1_5000ep_gaefix_g05_ent01_lc.py,results/_A_N4_seed1_5000ep_gaefix_g05_ent01_lc.json,logs/A_N4_seed1_5000ep_gaefix_g05_ent01_lc.log,
153,A_N4_seed1_5000ep_gaefix_g05_ent01_as,per-agent GAE -- rebuild (batches 22-28),reported,"25 | 0a, agent-specific | 4 | 5 | 5000 | 1 | 0.5 | 0.01 | ✅",train_d7_A_N4_seed1_5000ep_gaefix_g05_ent01_as.py,results/_A_N4_seed1_5000ep_gaefix_g05_ent01_as.json,logs/A_N4_seed1_5000ep_gaefix_g05_ent01_as.log,
154,A_N4_seed2_5000ep_gaefix_g05_ent01_as,per-agent GAE -- rebuild (batches 22-28),reported,"25 | 0a, agent-specific | 4 | 5 | 5000 | 2 | 0.5 | 0.01 | ✅",train_d7_A_N4_seed2_5000ep_gaefix_g05_ent01_as.py,results/_A_N4_seed2_5000ep_gaefix_g05_ent01_as.json,logs/A_N4_seed2_5000ep_gaefix_g05_ent01_as.log,
155,A_N4_seed4_5000ep_gaefix_g05_ent01_as,per-agent GAE -- rebuild (batches 22-28),reported,"25 | 0a, agent-specific | 4 | 5 | 5000 | 4 | 0.5 | 0.01 | ✅",train_d7_A_N4_seed4_5000ep_gaefix_g05_ent01_as.py,results/_A_N4_seed4_5000ep_gaefix_g05_ent01_as.json,logs/A_N4_seed4_5000ep_gaefix_g05_ent01_as.log,
156,A_N10_seed1_5000ep_gaefix_g05_ent01_as,per-agent GAE -- rebuild (batches 22-28),reported,"26 | 0a, agent-specific | 10 | 5 | 5000 | 1 | 0.5 | 0.01 | ✅",train_d8_A_N10_seed1_5000ep_gaefix_g05_ent01_as.py,results/_A_N10_seed1_5000ep_gaefix_g05_ent01_as.json,logs/A_N10_seed1_5000ep_gaefix_g05_ent01_as.log,
157,A_N10_seed2_5000ep_gaefix_g05_ent01_as,per-agent GAE -- rebuild (batches 22-28),reported,"26 | 0a, agent-specific | 10 | 5 | 5000 | 2 | 0.5 | 0.01 | ✅",train_d8_A_N10_seed2_5000ep_gaefix_g05_ent01_as.py,results/_A_N10_seed2_5000ep_gaefix_g05_ent01_as.json,logs/A_N10_seed2_5000ep_gaefix_g05_ent01_as.log,
158,A_N10_seed3_5000ep_gaefix_g05_ent01_as,per-agent GAE -- rebuild (batches 22-28),reported,"26 | 0a, agent-specific | 10 | 5 | 5000 | 3 | 0.5 | 0.01 | ✅",train_d8_A_N10_seed3_5000ep_gaefix_g05_ent01_as.py,results/_A_N10_seed3_5000ep_gaefix_g05_ent01_as.json,logs/A_N10_seed3_5000ep_gaefix_g05_ent01_as.log,
159,A_mode0c_N10_seed1_gaefix_g05_ent01_armP,per-agent GAE -- rebuild (batches 22-28),reported,"26 | 0c, Arm P | 10 | 5 | 5000 | 1 | 0.5 | 0.01 | ✅",train_d8_A_mode0c_N10_seed1_gaefix_g05_ent01_armP.py,results/_A_mode0c_N10_seed1_gaefix_g05_ent01_armP.json,logs/A_mode0c_N10_seed1_gaefix_g05_ent01_armP.log,checkpoints/A_mode0c_N10_seed1_gaefix_g05_ent01_armP_actors.pt
160,A_mode0c_N10_seed3_gaefix_g05_ent01_armP,per-agent GAE -- rebuild (batches 22-28),reported,"26 | 0c, Arm P | 10 | 5 | 5000 | 3 | 0.5 | 0.01 | ✅",train_d8_A_mode0c_N10_seed3_gaefix_g05_ent01_armP.py,results/_A_mode0c_N10_seed3_gaefix_g05_ent01_armP.json,logs/A_mode0c_N10_seed3_gaefix_g05_ent01_armP.log,checkpoints/A_mode0c_N10_seed3_gaefix_g05_ent01_armP_actors.pt
161,D_N10_pool4_seed1_gaefix_g05_ent01,per-agent GAE -- rebuild (batches 22-28),reported,26 | 0c + DS pool 4 | 10 | 5 | 5000 | 1 | 0.5 | 0.01 | ✅,train_d8_D_N10_pool4_seed1_gaefix_g05_ent01.py,results/_D_N10_pool4_seed1_gaefix_g05_ent01.json,logs/D_N10_pool4_seed1_gaefix_g05_ent01.log,checkpoints/D_N10_pool4_seed1_gaefix_g05_ent01_actors.pt
162,D_N10_pool4_seed2_gaefix_g05_ent01,per-agent GAE -- rebuild (batches 22-28),reported,26 | 0c + DS pool 4 | 10 | 5 | 5000 | 2 | 0.5 | 0.01 | ✅,train_d8_D_N10_pool4_seed2_gaefix_g05_ent01.py,results/_D_N10_pool4_seed2_gaefix_g05_ent01.json,logs/D_N10_pool4_seed2_gaefix_g05_ent01.log,checkpoints/D_N10_pool4_seed2_gaefix_g05_ent01_actors.pt
163,D_N10_pool4_seed3_gaefix_g05_ent01,per-agent GAE -- rebuild (batches 22-28),reported,26 | 0c + DS pool 4 | 10 | 5 | 5000 | 3 | 0.5 | 0.01 | ✅,train_d8_D_N10_pool4_seed3_gaefix_g05_ent01.py,results/_D_N10_pool4_seed3_gaefix_g05_ent01.json,logs/D_N10_pool4_seed3_gaefix_g05_ent01.log,checkpoints/D_N10_pool4_seed3_gaefix_g05_ent01_actors.pt
164,A_mode0c_N10_seed2_gaefix_g05_ent01_armP,per-agent GAE -- rebuild (batches 22-28),reported,"26 | 0c, Arm P | 10 | 5 | 5000 | 2 | 0.5 | 0.01 | ✅",train_d8_A_mode0c_N10_seed2_gaefix_g05_ent01_armP.py,results/_A_mode0c_N10_seed2_gaefix_g05_ent01_armP.json,logs/A_mode0c_N10_seed2_gaefix_g05_ent01_armP.log,checkpoints/A_mode0c_N10_seed2_gaefix_g05_ent01_armP_actors.pt
165,A_mode0c_N10_seed1_gaefix_g05_ent01_armS,per-agent GAE -- rebuild (batches 22-28),reported,"26 | 0c, Arm S | 10 | 5 | 5000 | 1 | 0.5 | 0.01 | ✅",train_d8_A_mode0c_N10_seed1_gaefix_g05_ent01_armS.py,results/_A_mode0c_N10_seed1_gaefix_g05_ent01_armS.json,logs/A_mode0c_N10_seed1_gaefix_g05_ent01_armS.log,checkpoints/A_mode0c_N10_seed1_gaefix_g05_ent01_armS_actors.pt
166,D_N4_seed1_gaefix_g05_ent01,per-agent GAE -- rebuild (batches 22-28),reported,26 | 0c + DS pool 2 | 4 | 5 | 5000 | 1 | 0.5 | 0.01 | ✅,train_d8_D_N4_seed1_gaefix_g05_ent01.py,results/_D_N4_seed1_gaefix_g05_ent01.json,logs/D_N4_seed1_gaefix_g05_ent01.log,checkpoints/D_N4_seed1_gaefix_g05_ent01_actors.pt
167,D_N4_seed2_gaefix_g05_ent01,per-agent GAE -- rebuild (batches 22-28),reported,26 | 0c + DS pool 2 | 4 | 5 | 5000 | 2 | 0.5 | 0.01 | ✅,train_d8_D_N4_seed2_gaefix_g05_ent01.py,results/_D_N4_seed2_gaefix_g05_ent01.json,logs/D_N4_seed2_gaefix_g05_ent01.log,checkpoints/D_N4_seed2_gaefix_g05_ent01_actors.pt
168,D_N4_seed3_gaefix_g05_ent01,per-agent GAE -- rebuild (batches 22-28),reported,26 | 0c + DS pool 2 | 4 | 5 | 5000 | 3 | 0.5 | 0.01 | ✅,train_d8_D_N4_seed3_gaefix_g05_ent01.py,results/_D_N4_seed3_gaefix_g05_ent01.json,logs/D_N4_seed3_gaefix_g05_ent01.log,checkpoints/D_N4_seed3_gaefix_g05_ent01_actors.pt
169,A_mode0c_N10_seed2_gaefix_g05_ent01_armS,per-agent GAE -- rebuild (batches 22-28),reported,"27 | 0c, Arm S | 10 | 5 | 5000 | 2 | 0.5 | 0.01 | ✅",train_d9_A_mode0c_N10_seed2_gaefix_g05_ent01_armS.py,results/_A_mode0c_N10_seed2_gaefix_g05_ent01_armS.json,logs/A_mode0c_N10_seed2_gaefix_g05_ent01_armS.log,checkpoints/A_mode0c_N10_seed2_gaefix_g05_ent01_armS_actors.pt
170,A_mode0c_N10_seed3_gaefix_g05_ent01_armS,per-agent GAE -- rebuild (batches 22-28),reported,"27 | 0c, Arm S — re-run after a startup failure on port 8656 (crash log kept; rerun_t2.sh) | 10 | 5 | 5000 | 3 | 0.5 | 0.01 | ✅",train_d9_A_mode0c_N10_seed3_gaefix_g05_ent01_armS.py,results/_A_mode0c_N10_seed3_gaefix_g05_ent01_armS.json,logs/A_mode0c_N10_seed3_gaefix_g05_ent01_armS.log (+ .crash1.log),checkpoints/A_mode0c_N10_seed3_gaefix_g05_ent01_armS_actors.pt
171,A_mode0c_N10_seed1_gaefix_g05_ent01_d10,per-agent GAE -- rebuild (batches 22-28),reported,"27 | 0c, δ = 1.0 | 10 | 5 | 5000 | 1 | 0.5 | 0.01 | ✅",train_d9_A_mode0c_N10_seed1_gaefix_g05_ent01_d10.py,results/_A_mode0c_N10_seed1_gaefix_g05_ent01_d10.json,logs/A_mode0c_N10_seed1_gaefix_g05_ent01_d10.log,checkpoints/A_mode0c_N10_seed1_gaefix_g05_ent01_d10_actors.pt
172,A_mode0c_N10_seed2_gaefix_g05_ent01_d10,per-agent GAE -- rebuild (batches 22-28),reported,"27 | 0c, δ = 1.0 | 10 | 5 | 5000 | 2 | 0.5 | 0.01 | ✅",train_d9_A_mode0c_N10_seed2_gaefix_g05_ent01_d10.py,results/_A_mode0c_N10_seed2_gaefix_g05_ent01_d10.json,logs/A_mode0c_N10_seed2_gaefix_g05_ent01_d10.log,checkpoints/A_mode0c_N10_seed2_gaefix_g05_ent01_d10_actors.pt
173,A_mode0c_N10_seed3_gaefix_g05_ent01_d10,per-agent GAE -- rebuild (batches 22-28),reported,"27 | 0c, δ = 1.0 | 10 | 5 | 5000 | 3 | 0.5 | 0.01 | ✅",train_d9_A_mode0c_N10_seed3_gaefix_g05_ent01_d10.py,results/_A_mode0c_N10_seed3_gaefix_g05_ent01_d10.json,logs/A_mode0c_N10_seed3_gaefix_g05_ent01_d10.log,checkpoints/A_mode0c_N10_seed3_gaefix_g05_ent01_d10_actors.pt
174,A_mode0c_seed1_5000ep_gaefix_g05_ent01_armS,per-agent GAE -- rebuild (batches 22-28),reported,"27 | 0c, Arm S | 4 | 5 | 5000 | 1 | 0.5 | 0.01 | ✅",train_d9_A_mode0c_seed1_5000ep_gaefix_g05_ent01_armS.py,results/_A_mode0c_seed1_5000ep_gaefix_g05_ent01_armS.json,logs/A_mode0c_seed1_5000ep_gaefix_g05_ent01_armS.log,checkpoints/A_mode0c_seed1_5000ep_gaefix_g05_ent01_armS_actors.pt
175,A_mode0c_seed2_5000ep_gaefix_g05_ent01_armS,per-agent GAE -- rebuild (batches 22-28),reported,"27 | 0c, Arm S | 4 | 5 | 5000 | 2 | 0.5 | 0.01 | ✅",train_d9_A_mode0c_seed2_5000ep_gaefix_g05_ent01_armS.py,results/_A_mode0c_seed2_5000ep_gaefix_g05_ent01_armS.json,logs/A_mode0c_seed2_5000ep_gaefix_g05_ent01_armS.log,checkpoints/A_mode0c_seed2_5000ep_gaefix_g05_ent01_armS_actors.pt
176,A_mode0c_seed3_5000ep_gaefix_g05_ent01_armS,per-agent GAE -- rebuild (batches 22-28),reported,"27 | 0c, Arm S | 4 | 5 | 5000 | 3 | 0.5 | 0.01 | ✅",train_d9_A_mode0c_seed3_5000ep_gaefix_g05_ent01_armS.py,results/_A_mode0c_seed3_5000ep_gaefix_g05_ent01_armS.json,logs/A_mode0c_seed3_5000ep_gaefix_g05_ent01_armS.log,checkpoints/A_mode0c_seed3_5000ep_gaefix_g05_ent01_armS_actors.pt
177,A_N7_seed1_5000ep_gaefix_g05_ent01_as,per-agent GAE -- rebuild (batches 22-28),reported,"27 | 0a, agent-specific | 7 | 5 | 5000 | 1 | 0.5 | 0.01 | ✅",train_d9_A_N7_seed1_5000ep_gaefix_g05_ent01_as.py,results/_A_N7_seed1_5000ep_gaefix_g05_ent01_as.json,logs/A_N7_seed1_5000ep_gaefix_g05_ent01_as.log,
178,A_N7_seed2_5000ep_gaefix_g05_ent01_as,per-agent GAE -- rebuild (batches 22-28),reported,"27 | 0a, agent-specific | 7 | 5 | 5000 | 2 | 0.5 | 0.01 | ✅",train_d9_A_N7_seed2_5000ep_gaefix_g05_ent01_as.py,results/_A_N7_seed2_5000ep_gaefix_g05_ent01_as.json,logs/A_N7_seed2_5000ep_gaefix_g05_ent01_as.log,
179,A_N7_seed3_5000ep_gaefix_g05_ent01_as,per-agent GAE -- rebuild (batches 22-28),reported,"27 | 0a, agent-specific | 7 | 5 | 5000 | 3 | 0.5 | 0.01 | ✅",train_d9_A_N7_seed3_5000ep_gaefix_g05_ent01_as.py,results/_A_N7_seed3_5000ep_gaefix_g05_ent01_as.json,logs/A_N7_seed3_5000ep_gaefix_g05_ent01_as.log,
180,A_N15_seed1_5000ep_gaefix_g05_ent01_as,per-agent GAE -- rebuild (batches 22-28),reported,"27 | 0a, agent-specific | 15 | 5 | 5000 | 1 | 0.5 | 0.01 | ✅",train_d9_A_N15_seed1_5000ep_gaefix_g05_ent01_as.py,results/_A_N15_seed1_5000ep_gaefix_g05_ent01_as.json,logs/A_N15_seed1_5000ep_gaefix_g05_ent01_as.log,
181,A_N15_seed2_5000ep_gaefix_g05_ent01_as,per-agent GAE -- rebuild (batches 22-28),reported,"27 | 0a, agent-specific | 15 | 5 | 5000 | 2 | 0.5 | 0.01 | ✅",train_d9_A_N15_seed2_5000ep_gaefix_g05_ent01_as.py,results/_A_N15_seed2_5000ep_gaefix_g05_ent01_as.json,logs/A_N15_seed2_5000ep_gaefix_g05_ent01_as.log,
182,A_N15_seed3_5000ep_gaefix_g05_ent01_as,per-agent GAE -- rebuild (batches 22-28),reported,"27 | 0a, agent-specific | 15 | 5 | 5000 | 3 | 0.5 | 0.01 | ✅",train_d9_A_N15_seed3_5000ep_gaefix_g05_ent01_as.py,results/_A_N15_seed3_5000ep_gaefix_g05_ent01_as.json,logs/A_N15_seed3_5000ep_gaefix_g05_ent01_as.log,
183,A_mode0b_N10_seed1_gaefix_g05_ent01,per-agent GAE -- rebuild (batches 22-28),reported,"28 | 0b, agent-specific | 10 | 5 | 5000 | 1 | 0.5 | 0.01 | ✅",train_d10_A_mode0b_N10_seed1_gaefix_g05_ent01.py,results/_A_mode0b_N10_seed1_gaefix_g05_ent01.json,logs/A_mode0b_N10_seed1_gaefix_g05_ent01.log,checkpoints/A_mode0b_N10_seed1_gaefix_g05_ent01_actors.pt
184,A_mode0b_N10_seed2_gaefix_g05_ent01,per-agent GAE -- rebuild (batches 22-28),reported,"28 | 0b, agent-specific | 10 | 5 | 5000 | 2 | 0.5 | 0.01 | ✅",train_d10_A_mode0b_N10_seed2_gaefix_g05_ent01.py,results/_A_mode0b_N10_seed2_gaefix_g05_ent01.json,logs/A_mode0b_N10_seed2_gaefix_g05_ent01.log,checkpoints/A_mode0b_N10_seed2_gaefix_g05_ent01_actors.pt
185,A_mode0b_N10_seed3_gaefix_g05_ent01,per-agent GAE -- rebuild (batches 22-28),reported,"28 | 0b, agent-specific | 10 | 5 | 5000 | 3 | 0.5 | 0.01 | ✅",train_d10_A_mode0b_N10_seed3_gaefix_g05_ent01.py,results/_A_mode0b_N10_seed3_gaefix_g05_ent01.json,logs/A_mode0b_N10_seed3_gaefix_g05_ent01.log,checkpoints/A_mode0b_N10_seed3_gaefix_g05_ent01_actors.pt
186,A_N5_seed1_5000ep_gaefix_g05_ent01_as,per-agent GAE -- rebuild (batches 22-28),reported,"28 | 0a, agent-specific | 5 | 5 | 5000 | 1 | 0.5 | 0.01 | ✅",train_d10_A_N5_seed1_5000ep_gaefix_g05_ent01_as.py,results/_A_N5_seed1_5000ep_gaefix_g05_ent01_as.json,logs/A_N5_seed1_5000ep_gaefix_g05_ent01_as.log,
187,A_N5_seed2_5000ep_gaefix_g05_ent01_as,per-agent GAE -- rebuild (batches 22-28),reported,"28 | 0a, agent-specific | 5 | 5 | 5000 | 2 | 0.5 | 0.01 | ✅",train_d10_A_N5_seed2_5000ep_gaefix_g05_ent01_as.py,results/_A_N5_seed2_5000ep_gaefix_g05_ent01_as.json,logs/A_N5_seed2_5000ep_gaefix_g05_ent01_as.log,
188,A_N5_seed3_5000ep_gaefix_g05_ent01_as,per-agent GAE -- rebuild (batches 22-28),reported,"28 | 0a, agent-specific | 5 | 5 | 5000 | 3 | 0.5 | 0.01 | ✅",train_d10_A_N5_seed3_5000ep_gaefix_g05_ent01_as.py,results/_A_N5_seed3_5000ep_gaefix_g05_ent01_as.json,logs/A_N5_seed3_5000ep_gaefix_g05_ent01_as.log,
189,A_N6_seed1_5000ep_gaefix_g05_ent01_as,per-agent GAE -- rebuild (batches 22-28),reported,"28 | 0a, agent-specific | 6 | 5 | 5000 | 1 | 0.5 | 0.01 | ✅",train_d10_A_N6_seed1_5000ep_gaefix_g05_ent01_as.py,results/_A_N6_seed1_5000ep_gaefix_g05_ent01_as.json,logs/A_N6_seed1_5000ep_gaefix_g05_ent01_as.log,
190,A_N6_seed2_5000ep_gaefix_g05_ent01_as,per-agent GAE -- rebuild (batches 22-28),reported,"28 | 0a, agent-specific | 6 | 5 | 5000 | 2 | 0.5 | 0.01 | ✅",train_d10_A_N6_seed2_5000ep_gaefix_g05_ent01_as.py,results/_A_N6_seed2_5000ep_gaefix_g05_ent01_as.json,logs/A_N6_seed2_5000ep_gaefix_g05_ent01_as.log,
191,A_N6_seed3_5000ep_gaefix_g05_ent01_as,per-agent GAE -- rebuild (batches 22-28),reported,"28 | 0a, agent-specific | 6 | 5 | 5000 | 3 | 0.5 | 0.01 | ✅",train_d10_A_N6_seed3_5000ep_gaefix_g05_ent01_as.py,results/_A_N6_seed3_5000ep_gaefix_g05_ent01_as.json,logs/A_N6_seed3_5000ep_gaefix_g05_ent01_as.log,
192,A_N20_seed1_5000ep_gaefix_g05_ent01_as,per-agent GAE -- rebuild (batches 22-28),reported,"28 | 0a, agent-specific | 20 | 5 | 5000 | 1 | 0.5 | 0.01 | ✅",train_d10_A_N20_seed1_5000ep_gaefix_g05_ent01_as.py,results/_A_N20_seed1_5000ep_gaefix_g05_ent01_as.json,logs/A_N20_seed1_5000ep_gaefix_g05_ent01_as.log,
193,A_N20_seed2_5000ep_gaefix_g05_ent01_as,per-agent GAE -- rebuild (batches 22-28),reported,"28 | 0a, agent-specific | 20 | 5 | 5000 | 2 | 0.5 | 0.01 | ✅",train_d10_A_N20_seed2_5000ep_gaefix_g05_ent01_as.py,results/_A_N20_seed2_5000ep_gaefix_g05_ent01_as.json,logs/A_N20_seed2_5000ep_gaefix_g05_ent01_as.log,
194,A_N20_seed3_5000ep_gaefix_g05_ent01_as,per-agent GAE -- rebuild (batches 22-28),reported,"28 | 0a, agent-specific | 20 | 5 | 5000 | 3 | 0.5 | 0.01 | ✅",train_d10_A_N20_seed3_5000ep_gaefix_g05_ent01_as.py,results/_A_N20_seed3_5000ep_gaefix_g05_ent01_as.json,logs/A_N20_seed3_5000ep_gaefix_g05_ent01_as.log,
195,B_M3_seed1_5000ep_gaefix_g05_ent01_as,per-agent GAE -- rebuild (batches 22-28),reported,"28 | 0a, agent-specific | 4 | 3 | 5000 | 1 | 0.5 | 0.01 | ✅",train_d10_B_M3_seed1_5000ep_gaefix_g05_ent01_as.py,results/_B_M3_seed1_5000ep_gaefix_g05_ent01_as.json,logs/B_M3_seed1_5000ep_gaefix_g05_ent01_as.log,
196,B_M3_seed2_5000ep_gaefix_g05_ent01_as,per-agent GAE -- rebuild (batches 22-28),reported,"28 | 0a, agent-specific | 4 | 3 | 5000 | 2 | 0.5 | 0.01 | ✅",train_d10_B_M3_seed2_5000ep_gaefix_g05_ent01_as.py,results/_B_M3_seed2_5000ep_gaefix_g05_ent01_as.json,logs/B_M3_seed2_5000ep_gaefix_g05_ent01_as.log,
197,B_M3_seed3_5000ep_gaefix_g05_ent01_as,per-agent GAE -- rebuild (batches 22-28),reported,"28 | 0a, agent-specific | 4 | 3 | 5000 | 3 | 0.5 | 0.01 | ✅",train_d10_B_M3_seed3_5000ep_gaefix_g05_ent01_as.py,results/_B_M3_seed3_5000ep_gaefix_g05_ent01_as.json,logs/B_M3_seed3_5000ep_gaefix_g05_ent01_as.log,
198,B_M4_seed1_5000ep_gaefix_g05_ent01_as,per-agent GAE -- rebuild (batches 22-28),reported,"28 | 0a, agent-specific | 4 | 4 | 5000 | 1 | 0.5 | 0.01 | ✅",train_d10_B_M4_seed1_5000ep_gaefix_g05_ent01_as.py,results/_B_M4_seed1_5000ep_gaefix_g05_ent01_as.json,logs/B_M4_seed1_5000ep_gaefix_g05_ent01_as.log,
199,B_M4_seed2_5000ep_gaefix_g05_ent01_as,per-agent GAE -- rebuild (batches 22-28),reported,"28 | 0a, agent-specific | 4 | 4 | 5000 | 2 | 0.5 | 0.01 | ✅",train_d10_B_M4_seed2_5000ep_gaefix_g05_ent01_as.py,results/_B_M4_seed2_5000ep_gaefix_g05_ent01_as.json,logs/B_M4_seed2_5000ep_gaefix_g05_ent01_as.log,
200,B_M4_seed3_5000ep_gaefix_g05_ent01_as,per-agent GAE -- rebuild (batches 22-28),reported,"28 | 0a, agent-specific | 4 | 4 | 5000 | 3 | 0.5 | 0.01 | ✅",train_d10_B_M4_seed3_5000ep_gaefix_g05_ent01_as.py,results/_B_M4_seed3_5000ep_gaefix_g05_ent01_as.json,logs/B_M4_seed3_5000ep_gaefix_g05_ent01_as.log,
