figure,cell,metric,n,mean,sd_sample,ci95_low,ci95_high,clipped,seeds,requirement_095
7-B,"SB-SPS, N=4",M0 PDR,5,0.9811173840482361,0.0009244984703120669,0.9799696516092358,0.9822651164872365,False,"[0.9826354882888196, 0.9811432626560759, 0.9803712077968529, 0.9810637725231104, 0.9803731889763219]",MEETS
7-B,"SB-SPS, N=4",WIRC,5,0.8572869548231363,0.008690640508617408,0.8464978293159159,0.8680760803303568,False,"[0.8657400666922331, 0.8505480557233095, 0.8604391940683126, 0.8638942840695382, 0.8458131735622882]",SHORT
7-B,"SB-SPS, N=4",M1 PDR,5,0.9833214611371461,0.0018933113850996951,0.9809709814299444,0.9856719408443478,False,"[0.9839510274798094, 0.9816745292876236, 0.9815475310415859, 0.983270167309777, 0.9861640505669347]",
7-B,"SB-SPS, N=4",M0 coll,5,0.02978125,0.0018883638337857452,0.027436912504298923,0.032125587495701075,False,"[0.02809375, 0.029625000000000002, 0.03284375, 0.028374999999999997, 0.02996875]",
7-B,"SB-SPS, N=4",M0 wp,5,0.008875000000000001,0.0021199388257683287,0.006243170270515208,0.011506829729484795,False,"[0.008937500000000001, 0.008312499999999999, 0.01175, 0.005875, 0.009500000000000001]",
7-B,"SB-SPS, N=4",M1 wp,5,0.0094125,0.003234518414694836,0.005396958786788513,0.013428041213211488,False,"[0.0090625, 0.0120625, 0.013187499999999998, 0.0073750000000000005, 0.005375000000000001]",
7-B,"Mode 0a, N=4, paper critic",M0 PDR,5,0.9998996216791868,4.144042943492178e-05,0.9998481748388989,0.9999510685194747,False,"[0.9998811960995198, 0.9999692431598902, 0.9999005952417849, 0.9998608718395233, 0.9998862020552158]",MEETS
7-B,"Mode 0a, N=4, paper critic",WIRC,5,1.0,0.0,1.0,1.0,False,"[1.0, 1.0, 1.0, 1.0, 1.0]",MEETS
7-B,"Mode 0a, N=4, paper critic",M1 PDR,5,0.7977016453675724,0.00228352242940663,0.7948667323292306,0.8005365584059142,False,"[0.7960712002281667, 0.7974498463261805, 0.795055987787529, 0.8006310635363705, 0.799300128959615]",
7-B,"Mode 0a, N=4, paper critic",M0 coll,5,0.000455,0.0002712240771023104,0.00011828481709314024,0.0007917151829068597,False,"[0.0007750000000000001, 0.00017500000000000003, 0.000675, 0.0002, 0.00045]",
7-B,"Mode 0a, N=4, paper critic",M0 wp,5,0.0,0.0,0.0,0.0,False,"[0.0, 0.0, 0.0, 0.0, 0.0]",
7-B,"Mode 0a, N=4, paper critic",M1 wp,5,0.3338,0.003210140183854879,0.3298147235057025,0.33778527649429746,False,"[0.33754999999999996, 0.3343, 0.33604999999999996, 0.33115, 0.32995]",
7-B,"Mode 0a, N=4, paper critic",coordination time,5,,,,,False,"{""m0"": {""median"": 450, ""min"": 350, ""max"": 650, ""never"": 0, ""n"": 5}, ""m1"": {""median"": null, ""min"": null, ""max"": null, ""never"": 5, ""n"": 5}}",
7-B,"Mode 0a, N=4, agent-specific",M0 PDR,3,0.999968453451991,3.1697356682037575e-05,0.999889706497683,1,True,"[0.999934046190977, 0.9999748483955859, 0.9999964657694101]",MEETS
7-B,"Mode 0a, N=4, agent-specific",WIRC,3,1.0,0.0,1.0,1.0,False,"[1.0, 1.0, 1.0]",MEETS
7-B,"Mode 0a, N=4, agent-specific",M1 PDR,3,0.9999948564708233,8.46498855967346e-06,0.9999738265763115,1,True,"[0.9999850862681865, 0.999999993339181, 0.9999994898051024]",
7-B,"Mode 0a, N=4, agent-specific",M0 coll,3,0.0,0.0,0.0,0.0,False,"[0.0, 0.0, 0.0]",
7-B,"Mode 0a, N=4, agent-specific",M0 wp,3,0.0,0.0,0.0,0.0,False,"[0.0, 0.0, 0.0]",
7-B,"Mode 0a, N=4, agent-specific",M1 wp,3,0.0,0.0,0.0,0.0,False,"[0.0, 0.0, 0.0]",
7-B,"Mode 0a, N=4, agent-specific",coordination time,3,,,,,False,"{""m0"": {""median"": 400, ""min"": 200, ""max"": 500, ""never"": 0, ""n"": 3}, ""m1"": {""median"": 250, ""min"": 150, ""max"": 300, ""never"": 0, ""n"": 3}}",
7-B,"Arm S, N=4",M0 PDR,3,0.9997381682018439,0.00020157053410526434,0.9992373988222941,1,True,"[0.9999193857491017, 0.9997740538179875, 0.9995210650384426]",MEETS
7-B,"Arm S, N=4",WIRC,3,1.0,0.0,1.0,1.0,False,"[1.0, 1.0, 1.0]",MEETS
7-B,"Arm S, N=4",M1 PDR,3,0.9978554283780576,0.0020591890321416347,0.9927397063873485,1,True,"[0.9996443175942156, 0.9983175109533878, 0.9956044565865696]",
7-B,"Arm S, N=4",M0 coll,3,0.0004000000000000001,0.00027838821814150114,0,0.0010916104870758781,True,"[0.00015, 0.00035000000000000005, 0.0007000000000000001]",
7-B,"Arm S, N=4",M0 wp,3,0.0,0.0,0.0,0.0,False,"[0.0, 0.0, 0.0]",
7-B,"Arm S, N=4",M1 wp,3,0.0031666666666666666,0.0031533051443419385,0,0.01100054311925669,True,"[0.0004, 0.0025, 0.0066]",
7-B,"Arm S, N=4",coordination time,3,,,,,False,"{""m0"": {""median"": 200, ""min"": 200, ""max"": 250, ""never"": 0, ""n"": 3}, ""m1"": {""median"": 250, ""min"": 250, ""max"": 250, ""never"": 0, ""n"": 3}}",
7-B,"Mode 0c, N=4",M0 PDR,5,0.9996614498388767,0.00011091969706357739,0.999523746923694,0.9997991527540595,False,"[0.9997306521773338, 0.9996265656322241, 0.9997933454602956, 0.9995008933514358, 0.9996557925730944]",MEETS
7-B,"Mode 0c, N=4",WIRC,5,1.0,0.0,1.0,1.0,False,"[1.0, 1.0, 1.0, 1.0, 1.0]",MEETS
7-B,"Mode 0c, N=4",M1 PDR,5,0.9984337683453419,0.0005869294874888234,0.9977051159637221,0.9991624207269617,False,"[0.9982366986381617, 0.998402065225249, 0.9994295069659885, 0.9982122880274524, 0.9978882828698578]",
7-B,"Mode 0c, N=4",M0 coll,5,0.00054,0.00019573579131063385,0.00029700087736783903,0.000782999122632161,False,"[0.0004000000000000001, 0.000625, 0.000275, 0.0007500000000000001, 0.00065]",
7-B,"Mode 0c, N=4",M0 wp,5,0.0,0.0,0.0,0.0,False,"[0.0, 0.0, 0.0, 0.0, 0.0]",
7-B,"Mode 0c, N=4",M1 wp,5,0.0013700000000000001,0.0007521635460456722,0.00043621532760491303,0.0023037846723950872,False,"[0.00205, 0.0012, 0.00055, 0.0008, 0.0022500000000000003]",
7-B,"Mode 0c, N=4",coordination time,5,,,,,False,"{""m0"": {""median"": 100, ""min"": 100, ""max"": 100, ""never"": 0, ""n"": 5}, ""m1"": {""median"": 150, ""min"": 150, ""max"": 250, ""never"": 0, ""n"": 5}}",
7-B,"SB-SPS, N=10",M0 PDR,5,0.8967100402214434,0.00541943556206328,0.8899820009705486,0.9034380794723382,False,"[0.8916016407953576, 0.9038097783476114, 0.8986332504115998, 0.8986010457262672, 0.8909044858263807]",SHORT
7-B,"SB-SPS, N=10",WIRC,5,0.67364173001647,0.01272382764807792,0.6578455440746821,0.6894379159582579,False,"[0.6591764894276858, 0.6874383093714715, 0.6817439859509469, 0.6787203478515147, 0.661129517480731]",SHORT
7-B,"SB-SPS, N=10",M1 PDR,5,0.9436674272535369,0.0014659041368661576,0.9418475586605926,0.9454872958464813,False,"[0.9451675893813372, 0.9412657283879818, 0.9443908447334544, 0.9436192647665739, 0.9438937089983375]",
7-B,"SB-SPS, N=10",M0 coll,5,0.962505,0.0036962882564809665,0.9579161877173501,0.96709381228265,False,"[0.9644749999999999, 0.9568625000000002, 0.9667999999999999, 0.9618125000000001, 0.9625750000000001]",
7-B,"SB-SPS, N=10",M0 wp,5,0.126175,0.013502925030340649,0.10941159197242399,0.142938408027576,False,"[0.1362125, 0.11001249999999999, 0.12125000000000002, 0.11982500000000001, 0.143575]",
7-B,"SB-SPS, N=10",M1 wp,5,0.100935,0.007355436977161864,0.091803482866325,0.11006651713367499,False,"[0.09642499999999998, 0.1114375, 0.09207499999999999, 0.10362500000000001, 0.1011125]",
7-B,"Mode 0a, N=10, paper critic",M0 PDR,3,0.6160690014548609,0.0016263716053999701,0.6120285443346342,0.6201094585750876,False,"[0.6165862637997003, 0.6173738325777364, 0.614246907987146]",SHORT
7-B,"Mode 0a, N=10, paper critic",WIRC,3,0.2207595630163948,0.004970665264568885,0.20841074937884255,0.23310837665394704,False,"[0.2258242016881705, 0.22056595903635023, 0.21588852832466365]",SHORT
7-B,"Mode 0a, N=10, paper critic",M1 PDR,3,0.6878856556018174,0.0016361792480435006,0.6838208329802378,0.691950478223397,False,"[0.6890705409991021, 0.6885676215810347, 0.6860188042253152]",
7-B,"Mode 0a, N=10, paper critic",M0 coll,3,0.8657633333333333,0.00041101500378126646,0.8647422330552456,0.8667844336114211,False,"[0.8657299999999998, 0.8653700000000001, 0.86619]",
7-B,"Mode 0a, N=10, paper critic",M0 wp,3,0.5902233333333333,0.002125566591131296,0.5849427070366511,0.5955039596300156,False,"[0.58875, 0.58926, 0.5926600000000001]",
7-B,"Mode 0a, N=10, paper critic",M1 wp,3,0.5908066666666667,0.001893629671644771,0.5861022501209855,0.5955110832123479,False,"[0.5886899999999999, 0.5913900000000001, 0.59234]",
7-B,"Mode 0a, N=10, paper critic",coordination time,3,,,,,False,"{""m0"": {""median"": null, ""min"": null, ""max"": null, ""never"": 3, ""n"": 3}, ""m1"": {""median"": null, ""min"": null, ""max"": null, ""never"": 3, ""n"": 3}}",
7-B,"Mode 0a, N=10, agent-specific",M0 PDR,3,0.6158364623161909,0.0024929412919222787,0.6096431530135624,0.6220297716188194,False,"[0.6176506461311946, 0.6168649088606465, 0.6129938319567318]",SHORT
7-B,"Mode 0a, N=10, agent-specific",WIRC,3,0.21703344584753118,0.006177150228317822,0.20168731551677033,0.23237957617829202,False,"[0.22264372579008346, 0.21804285095632076, 0.21041376079618931]",SHORT
7-B,"Mode 0a, N=10, agent-specific",M1 PDR,3,0.6875321863931493,0.0013045567399855415,0.684291226239078,0.6907731465472206,False,"[0.6887122361957738, 0.6861313100039947, 0.6877530129796794]",
7-B,"Mode 0a, N=10, agent-specific",M0 coll,3,0.8654566666666664,0.0003690979996332608,0.8645397024035619,0.8663736309297709,False,"[0.8651599999999998, 0.8653399999999999, 0.8658699999999997]",
7-B,"Mode 0a, N=10, agent-specific",M0 wp,3,0.5900666666666667,0.0024745571994466775,0.5839190296674007,0.5962143036659328,False,"[0.5884, 0.58889, 0.59291]",
7-B,"Mode 0a, N=10, agent-specific",M1 wp,3,0.59056,0.00180966847792639,0.5860641714558897,0.5950558285441102,False,"[0.5886799999999999, 0.5907100000000001, 0.5922900000000001]",
7-B,"Mode 0a, N=10, agent-specific",coordination time,3,,,,,False,"{""m0"": {""median"": null, ""min"": null, ""max"": null, ""never"": 3, ""n"": 3}, ""m1"": {""median"": null, ""min"": null, ""max"": null, ""never"": 3, ""n"": 3}}",
7-B,"Arm P, N=10",M0 PDR,3,0.6148918657192176,0.000937351900977057,0.6125631665769762,0.617220564861459,False,"[0.6138395620971402, 0.6156373834380162, 0.6151986516224965]",SHORT
7-B,"Arm P, N=10",WIRC,3,0.21782048398753007,0.005821772742344605,0.20335723152355023,0.2322837364515099,False,"[0.22427521163225175, 0.21621959061920643, 0.21296664971113205]",SHORT
7-B,"Arm P, N=10",M1 PDR,3,0.6864001542801761,0.00039755013948032046,0.685412505278941,0.6873878032814111,False,"[0.6859959430577457, 0.686413829322887, 0.6867906904598955]",
7-B,"Arm P, N=10",M0 coll,3,0.8653633333333334,0.0005159780357082629,0.8640814693845679,0.8666451972820989,False,"[0.8649800000000001, 0.86516, 0.8659500000000001]",
7-B,"Arm P, N=10",M0 wp,3,0.5915600000000001,0.0004687216658102947,0.5903955368565588,0.5927244631434414,False,"[0.5914300000000001, 0.59208, 0.5911700000000001]",
7-B,"Arm P, N=10",M1 wp,3,0.5915,0.0013489254983133831,0.588148812844359,0.594851187155641,False,"[0.59296, 0.59124, 0.5903]",
7-B,"Arm P, N=10",coordination time,3,,,,,False,"{""m0"": {""median"": null, ""min"": null, ""max"": null, ""never"": 3, ""n"": 3}, ""m1"": {""median"": null, ""min"": null, ""max"": null, ""never"": 3, ""n"": 3}}",
7-B,"Arm S, N=10",M0 PDR,3,0.9374678630784155,0.01117049628865085,0.9097165723425903,0.9652191538142406,False,"[0.928535629579425, 0.933875357683003, 0.9499926019728184]",STRADDLES
7-B,"Arm S, N=10",WIRC,3,0.7843928309778373,0.011124836075542875,0.7567549756540365,0.8120306863016381,False,"[0.7752832029461861, 0.7811039860546589, 0.7967913039326668]",SHORT
7-B,"Arm S, N=10",M1 PDR,3,0.9570162862340609,0.00380221811777038,0.9475702904877061,0.9664622819804156,False,"[0.9526515121400355, 0.9587882796332238, 0.9596090669289232]",
7-B,"Arm S, N=10",M0 coll,3,0.9717733333333333,0.01908066123941553,0.9243705175761864,1,True,"[0.9534999999999999, 0.99157, 0.97025]",
7-B,"Arm S, N=10",M0 wp,3,0.0003933333333333333,0.0005262445565830903,0,0.0017007027921746784,True,"[0.001, 0.00012, 6e-05]",
7-B,"Arm S, N=10",M1 wp,3,0.05638666666666667,0.03812705251305604,0,0.15110715999558771,True,"[0.09293999999999998, 0.01686, 0.05936000000000002]",
7-B,"Arm S, N=10",coordination time,3,,,,,False,"{""m0"": {""median"": 150, ""min"": 150, ""max"": 200, ""never"": 0, ""n"": 3}, ""m1"": {""median"": 1100, ""min"": 1000, ""max"": 1450, ""never"": 0, ""n"": 3}}",
7-B,"Mode 0c, N=10",M0 PDR,5,0.9404841607582569,0.009949400532425755,0.9281323288122102,0.9528359927043036,False,"[0.9416317940026524, 0.9321101464182138, 0.9316177960053086, 0.9561600961595771, 0.9409009712055325]",STRADDLES
7-B,"Mode 0c, N=10",WIRC,5,0.7921355050563812,0.00854182151333086,0.7815311331143798,0.8027398769983826,False,"[0.7955047217011453, 0.7791041796207427, 0.7880856200754645, 0.7993608531951903, 0.7986221506893634]",SHORT
7-B,"Mode 0c, N=10",M1 PDR,5,0.9628607881122827,0.004861083073931022,0.9568259239001844,0.968895652324381,False,"[0.9632680479213596, 0.959045717267692, 0.9606435677558184, 0.971107608424127, 0.9602389991924167]",
7-B,"Mode 0c, N=10",M0 coll,5,0.999704,0.00014909728367745617,0.9995189009495,0.9998890990505,False,"[0.9997399999999999, 0.99977, 0.9996200000000001, 0.9998900000000001, 0.9995]",
7-B,"Mode 0c, N=10",M0 wp,5,0.0,0.0,0.0,0.0,False,"[0.0, 0.0, 0.0, 0.0, 0.0]",
7-B,"Mode 0c, N=10",M1 wp,5,0.0005920000000000001,0.00029819456735494026,0.00022180189900000848,0.0009621981009999916,False,"[0.0005200000000000001, 0.00046000000000000007, 0.0007600000000000002, 0.00021999999999999998, 0.001]",
7-B,"Mode 0c, N=10",coordination time,5,,,,,False,"{""m0"": {""median"": 100, ""min"": 50, ""max"": 100, ""never"": 0, ""n"": 5}, ""m1"": {""median"": 350, ""min"": 200, ""max"": 650, ""never"": 0, ""n"": 5}}",
T-1,"Mode 0c, N=10, team critic",M0 PDR,3,0.9351199121420583,0.0056448256179463425,0.9210962561800738,0.9491435681040427,False,"[0.9416317940026524, 0.9321101464182138, 0.9316177960053086]",SHORT
T-1,"Mode 0c, N=10, team critic",WIRC,3,0.7875648404657841,0.008212664225703962,0.7671618049377407,0.8079678759938276,False,"[0.7955047217011453, 0.7791041796207427, 0.7880856200754645]",SHORT
T-1,"Mode 0c, N=10, team critic",M1 PDR,3,0.96098577764829,0.0021318653205829262,0.9556895031773671,0.9662820521192128,False,"[0.9632680479213596, 0.959045717267692, 0.9606435677558184]",
T-1,"Mode 0c, N=10, team critic",M0 coll,3,0.99971,7.937253933189121e-05,0.9995128117678461,0.9999071882321539,False,"[0.9997399999999999, 0.99977, 0.9996200000000001]",
T-1,"Mode 0c, N=10, team critic",M0 wp,3,0.0,0.0,0.0,0.0,False,"[0.0, 0.0, 0.0]",
T-1,"Mode 0c, N=10, team critic",M1 wp,3,0.0005800000000000001,0.00015874507866387547,0.00018562353569210043,0.0009743764643078997,False,"[0.0005200000000000001, 0.00046000000000000007, 0.0007600000000000002]",
T-1,"Mode 0c, N=10, team critic",coordination time,3,,,,,False,"{""m0"": {""median"": 100, ""min"": 50, ""max"": 100, ""never"": 0, ""n"": 3}, ""m1"": {""median"": 350, ""min"": 200, ""max"": 650, ""never"": 0, ""n"": 3}}",
T-1,"Mode 0c, N=10, local critic",M0 PDR,3,0.9467583209986488,0.013118313260767447,0.9141679941361744,0.9793486478611231,False,"[0.9316144949778916, 0.9540326724231241, 0.9546277955949307]",STRADDLES
T-1,"Mode 0c, N=10, local critic",WIRC,3,0.794616058597962,0.008514036058244133,0.7734643135114267,0.8157678036844973,False,"[0.7847876353263855, 0.7997312229573725, 0.799329317510128]",SHORT
T-1,"Mode 0c, N=10, local critic",M1 PDR,3,0.9621049280966322,0.003615368143463102,0.9531231308806731,0.9710867253125912,False,"[0.9598558359131217, 0.9601836450606585, 0.9662753033161163]",
T-1,"Mode 0c, N=10, local critic",M0 coll,3,0.9999866666666667,1.1547005383739966e-05,0.9999579800000001,1,True,"[0.9999800000000001, 1.0, 0.9999800000000001]",
T-1,"Mode 0c, N=10, local critic",M0 wp,3,0.0,0.0,0.0,0.0,False,"[0.0, 0.0, 0.0]",
T-1,"Mode 0c, N=10, local critic",M1 wp,3,2.666666666666667e-05,2.3094010767585035e-05,0,8.404000000000002e-05,True,"[4e-05, 0.0, 4e-05]",
T-1,"Mode 0c, N=10, local critic",coordination time,3,,,,,False,"{""m0"": {""median"": 50, ""min"": 50, ""max"": 100, ""never"": 0, ""n"": 3}, ""m1"": {""median"": 50, ""min"": 50, ""max"": 100, ""never"": 0, ""n"": 3}}",
T-1,"Mode 0c, N=10, agent-specific",M0 PDR,3,0.9412752803410093,0.0120697741123072,0.9112898793479771,0.9712606813340414,False,"[0.9291084856122731, 0.9414717195227741, 0.9532456358879806]",STRADDLES
T-1,"Mode 0c, N=10, agent-specific",WIRC,3,0.7903119829396407,0.01252649592854902,0.7591919304879443,0.821432035391337,False,"[0.7760282322168353, 0.7954805490970611, 0.7994271675050257]",SHORT
T-1,"Mode 0c, N=10, agent-specific",M1 PDR,3,0.9645341011295715,0.002785808583536875,0.9576132104244168,0.9714549918347262,False,"[0.9665653097063301, 0.9613583178550005, 0.965678675827384]",
T-1,"Mode 0c, N=10, agent-specific",M0 coll,3,0.99994,8.717797887079877e-05,0.9997234204161669,1,True,"[0.9998400000000001, 1.0, 0.9999800000000001]",
T-1,"Mode 0c, N=10, agent-specific",M0 wp,3,0.0,0.0,0.0,0.0,False,"[0.0, 0.0, 0.0]",
T-1,"Mode 0c, N=10, agent-specific",M1 wp,3,0.00012000000000000002,0.00017435595774162695,0,0.0005531591676662672,True,"[0.00032, 0.0, 4e-05]",
T-1,"Mode 0c, N=10, agent-specific",coordination time,3,,,,,False,"{""m0"": {""median"": 50, ""min"": 50, ""max"": 450, ""never"": 0, ""n"": 3}, ""m1"": {""median"": 100, ""min"": 50, ""max"": 100, ""never"": 0, ""n"": 3}}",
T-1,"Mode 0c, N=4, team critic",M0 PDR,3,0.9997168544232845,8.424168371714056e-05,0.9995075695896926,0.9999261392568765,False,"[0.9997306521773338, 0.9996265656322241, 0.9997933454602956]",MEETS
T-1,"Mode 0c, N=4, team critic",WIRC,3,1.0,0.0,1.0,1.0,False,"[1.0, 1.0, 1.0]",MEETS
T-1,"Mode 0c, N=4, team critic",M1 PDR,3,0.9986894236097997,0.0006462422592279071,0.9970839392733669,1,True,"[0.9982366986381617, 0.998402065225249, 0.9994295069659885]",
T-1,"Mode 0c, N=4, team critic",M0 coll,3,0.00043333333333333337,0.00017736497211493968,0,0.0008739679103766144,True,"[0.0004000000000000001, 0.000625, 0.000275]",
T-1,"Mode 0c, N=4, team critic",M0 wp,3,0.0,0.0,0.0,0.0,False,"[0.0, 0.0, 0.0]",
T-1,"Mode 0c, N=4, team critic",M1 wp,3,0.0012666666666666668,0.0007522189397597839,0,0.0031354329197360847,True,"[0.00205, 0.0012, 0.00055]",
T-1,"Mode 0c, N=4, team critic",coordination time,3,,,,,False,"{""m0"": {""median"": 100, ""min"": 100, ""max"": 100, ""never"": 0, ""n"": 3}, ""m1"": {""median"": 150, ""min"": 150, ""max"": 250, ""never"": 0, ""n"": 3}}",
T-1,"Mode 0c, N=4, local critic",M0 PDR,3,0.9999624849945307,3.968215237796722e-05,0.9998639011071896,1,True,"[0.9999988581359386, 0.9999201650619507, 0.9999684317857026]",MEETS
T-1,"Mode 0c, N=4, local critic",WIRC,3,1.0,0.0,1.0,1.0,False,"[1.0, 1.0, 1.0]",MEETS
T-1,"Mode 0c, N=4, local critic",M1 PDR,3,0.9999202332705259,4.012071365471835e-06,0.9999102659283382,0.9999302006127136,False,"[0.999918144094944, 0.9999248588114976, 0.9999176969051362]",
T-1,"Mode 0c, N=4, local critic",M0 coll,3,2.4999999999999998e-05,4.330127018922193e-05,0,0.000132575,True,"[0.0, 7.5e-05, 0.0]",
T-1,"Mode 0c, N=4, local critic",M0 wp,3,0.0,0.0,0.0,0.0,False,"[0.0, 0.0, 0.0]",
T-1,"Mode 0c, N=4, local critic",M1 wp,3,1.6666666666666667e-05,2.886751345948129e-05,0,8.838333333333333e-05,True,"[5e-05, 0.0, 0.0]",
T-1,"Mode 0c, N=4, local critic",coordination time,3,,,,,False,"{""m0"": {""median"": 50, ""min"": 50, ""max"": 100, ""never"": 0, ""n"": 3}, ""m1"": {""median"": 50, ""min"": 50, ""max"": 100, ""never"": 0, ""n"": 3}}",
T-1,"Mode 0c, N=4, agent-specific",M0 PDR,3,0.9999844650040071,2.6861043416404606e-05,0.9999177330875323,1,True,"[0.9999999562472105, 0.9999999902158976, 0.999953448548913]",MEETS
T-1,"Mode 0c, N=4, agent-specific",WIRC,3,1.0,0.0,1.0,1.0,False,"[1.0, 1.0, 1.0]",MEETS
T-1,"Mode 0c, N=4, agent-specific",M1 PDR,3,0.9999839498013258,1.3540876345055373e-05,0.9999503096848475,1,True,"[0.9999750579595567, 0.9999772576481104, 0.9999995337963103]",
T-1,"Mode 0c, N=4, agent-specific",M0 coll,3,0.0,0.0,0.0,0.0,False,"[0.0, 0.0, 0.0]",
T-1,"Mode 0c, N=4, agent-specific",M0 wp,3,0.0,0.0,0.0,0.0,False,"[0.0, 0.0, 0.0]",
T-1,"Mode 0c, N=4, agent-specific",M1 wp,3,0.0,0.0,0.0,0.0,False,"[0.0, 0.0, 0.0]",
T-1,"Mode 0c, N=4, agent-specific",coordination time,3,,,,,False,"{""m0"": {""median"": 50, ""min"": 50, ""max"": 100, ""never"": 0, ""n"": 3}, ""m1"": {""median"": 100, ""min"": 50, ""max"": 100, ""never"": 0, ""n"": 3}}",
T-1,"Mode 0a, N=4, team critic",M0 PDR,3,0.9999170115003982,4.626220239155161e-05,0.9998020805433957,1,True,"[0.9998811960995198, 0.9999692431598902, 0.9999005952417849]",MEETS
T-1,"Mode 0a, N=4, team critic",WIRC,3,1.0,0.0,1.0,1.0,False,"[1.0, 1.0, 1.0]",MEETS
T-1,"Mode 0a, N=4, team critic",M1 PDR,3,0.7961923447806254,0.0012015184882937099,0.7932073664921508,0.7991773230690999,False,"[0.7960712002281667, 0.7974498463261805, 0.795055987787529]",
T-1,"Mode 0a, N=4, team critic",M0 coll,3,0.0005416666666666668,0.00032145502536643183,0,0.0013402696684419197,True,"[0.0007750000000000001, 0.00017500000000000003, 0.000675]",
T-1,"Mode 0a, N=4, team critic",M0 wp,3,0.0,0.0,0.0,0.0,False,"[0.0, 0.0, 0.0]",
T-1,"Mode 0a, N=4, team critic",M1 wp,3,0.33596666666666664,0.001626601774661915,0.3319256377281481,0.3400076956051852,False,"[0.33754999999999996, 0.3343, 0.33604999999999996]",
T-1,"Mode 0a, N=4, team critic",coordination time,3,,,,,False,"{""m0"": {""median"": 400, ""min"": 350, ""max"": 650, ""never"": 0, ""n"": 3}, ""m1"": {""median"": null, ""min"": null, ""max"": null, ""never"": 3, ""n"": 3}}",
T-1,"Mode 0a, N=4, local critic",M0 PDR,3,0.9999727784454823,4.7027162326109425e-05,0.9998559470692865,1,True,"[0.9999184761732818, 0.9999999672889709, 0.999999891874194]",MEETS
T-1,"Mode 0a, N=4, local critic",WIRC,3,1.0,0.0,1.0,1.0,False,"[1.0, 1.0, 1.0]",MEETS
T-1,"Mode 0a, N=4, local critic",M1 PDR,3,0.9999740340655049,2.359902609930078e-05,0.9999154061032872,1,True,"[0.9999971533864737, 0.9999499829366804, 0.9999749658733605]",
T-1,"Mode 0a, N=4, local critic",M0 coll,3,0.0,0.0,0.0,0.0,False,"[0.0, 0.0, 0.0]",
T-1,"Mode 0a, N=4, local critic",M0 wp,3,0.0,0.0,0.0,0.0,False,"[0.0, 0.0, 0.0]",
T-1,"Mode 0a, N=4, local critic",M1 wp,3,5e-05,5e-05,0,0.00017421691041614797,True,"[0.0, 0.0001, 5e-05]",
T-1,"Mode 0a, N=4, local critic",coordination time,3,,,,,False,"{""m0"": {""median"": 300, ""min"": 250, ""max"": 1050, ""never"": 0, ""n"": 3}, ""m1"": {""median"": 250, ""min"": 200, ""max"": 450, ""never"": 0, ""n"": 3}}",
T-1,"Mode 0a, N=4, agent-specific",M0 PDR,3,0.999968453451991,3.1697356682037575e-05,0.999889706497683,1,True,"[0.999934046190977, 0.9999748483955859, 0.9999964657694101]",MEETS
T-1,"Mode 0a, N=4, agent-specific",WIRC,3,1.0,0.0,1.0,1.0,False,"[1.0, 1.0, 1.0]",MEETS
T-1,"Mode 0a, N=4, agent-specific",M1 PDR,3,0.9999948564708233,8.46498855967346e-06,0.9999738265763115,1,True,"[0.9999850862681865, 0.999999993339181, 0.9999994898051024]",
T-1,"Mode 0a, N=4, agent-specific",M0 coll,3,0.0,0.0,0.0,0.0,False,"[0.0, 0.0, 0.0]",
T-1,"Mode 0a, N=4, agent-specific",M0 wp,3,0.0,0.0,0.0,0.0,False,"[0.0, 0.0, 0.0]",
T-1,"Mode 0a, N=4, agent-specific",M1 wp,3,0.0,0.0,0.0,0.0,False,"[0.0, 0.0, 0.0]",
T-1,"Mode 0a, N=4, agent-specific",coordination time,3,,,,,False,"{""m0"": {""median"": 400, ""min"": 200, ""max"": 500, ""never"": 0, ""n"": 3}, ""m1"": {""median"": 250, ""min"": 150, ""max"": 300, ""never"": 0, ""n"": 3}}",
T-1,"Mode 0c, N=10, delta=1.0",M0 PDR,3,0.9392614399517576,0.013535591006904896,0.9056344540410711,0.9728884258624441,False,"[0.9386894399657845, 0.953073963367939, 0.9260209165215493]",STRADDLES
T-1,"Mode 0c, N=10, delta=1.0",WIRC,3,0.7863546894093355,0.019951943562548764,0.7367873136865923,0.8359220651320787,False,"[0.7972573271989823, 0.7984797586202622, 0.763326982408762]",SHORT
T-1,"Mode 0c, N=10, delta=1.0",M1 PDR,3,0.9629059032852451,0.004599138508592735,0.9514800877629787,0.9743317188075115,False,"[0.9595820910781622, 0.960980849766731, 0.9681547690108419]",
T-1,"Mode 0c, N=10, delta=1.0",M0 coll,3,0.9999633333333334,4.725815626243631e-05,0.9998459280900758,1,True,"[0.9999100000000002, 0.9999800000000001, 1.0]",
T-1,"Mode 0c, N=10, delta=1.0",M0 wp,3,0.0,0.0,0.0,0.0,False,"[0.0, 0.0, 0.0]",
T-1,"Mode 0c, N=10, delta=1.0",M1 wp,3,7.333333333333334e-05,9.451631252505217e-05,0,0.00030814381984911436,True,"[0.00018, 4e-05, 0.0]",
T-1,"Mode 0c, N=10, delta=1.0",coordination time,3,,,,,False,"{""m0"": {""median"": 100, ""min"": 50, ""max"": 100, ""never"": 0, ""n"": 3}, ""m1"": {""median"": 50, ""min"": 50, ""max"": 100, ""never"": 0, ""n"": 3}}",
7-C,"M=7, shared pool",M0 PDR,3,0.9732489029804866,0.009294286781252834,0.9501587512107091,0.9963390547502641,False,"[0.9748327704131603, 0.9816494819641115, 0.963264456564188]",MEETS
7-C,"M=7, shared pool",WIRC,3,0.8043113413254419,0.006724295346476173,0.7876059174721429,0.8210167651787409,False,"[0.8008005188107491, 0.8120643972754478, 0.800069107890129]",SHORT
7-C,"M=7, shared pool",M1 PDR,3,0.9799969255427519,0.003721635658192296,0.9707511238796476,0.9892427272058562,False,"[0.9805792699187994, 0.983393059721589, 0.9760184469878672]",
7-C,"M=7, shared pool",M0 coll,3,0.5998066666666664,0.00026407069760454573,0.5991506257429089,0.6004627075904239,False,"[0.5998599999999997, 0.6000399999999998, 0.5995199999999997]",
7-C,"M=7, shared pool",M0 wp,3,6.6666666666666675e-06,1.1547005383792517e-05,0,3.535333333333334e-05,True,"[0.0, 0.0, 2e-05]",
7-C,"M=7, shared pool",M1 wp,3,0.0012133333333333336,0.0005326662494783514,0,0.0025366564491964916,True,"[0.0015600000000000002, 0.0006000000000000002, 0.0014800000000000002]",
7-C,"M=7, shared pool",coordination time,3,,,,,False,"{""m0"": {""median"": 100, ""min"": 100, ""max"": 100, ""never"": 0, ""n"": 3}, ""m1"": {""median"": 250, ""min"": 200, ""max"": 300, ""never"": 0, ""n"": 3}}",
7-C,"M=7, partition (pool 5)",M0 PDR,3,0.9999563986152411,3.956590655652696e-05,0.9998581035218358,1,True,"[0.9999127540707587, 0.9999899181634189, 0.9999665236115456]",MEETS
7-C,"M=7, partition (pool 5)",WIRC,3,1.0,0.0,1.0,1.0,False,"[1.0, 1.0, 1.0]",MEETS
7-C,"M=7, partition (pool 5)",M1 PDR,3,0.6810863403358105,0.005539885398523131,0.667323391370529,0.694849289301092,False,"[0.6839844159938758, 0.6746985578951517, 0.684576047118404]",
7-C,"M=7, partition (pool 5)",M0 coll,3,0.0,0.0,0.0,0.0,False,"[0.0, 0.0, 0.0]",
7-C,"M=7, partition (pool 5)",M0 wp,3,0.0,0.0,0.0,0.0,False,"[0.0, 0.0, 0.0]",
7-C,"M=7, partition (pool 5)",M1 wp,3,0.99924,0.0002306512518933626,0.9986669842821239,0.9998130157178762,False,"[0.9992599999999999, 0.9990000000000001, 0.99946]",
7-C,"M=7, partition (pool 5)",coordination time,3,,,,,False,"{""m0"": {""median"": 100, ""min"": 100, ""max"": 100, ""never"": 0, ""n"": 3}, ""m1"": {""median"": null, ""min"": null, ""max"": null, ""never"": 3, ""n"": 3}}",
7-C,"N=10, partition (pool 2)",M0 PDR,3,0.4396445110379459,0.0007143069925334952,0.4378699308839227,0.4414190911919691,False,"[0.43882306092885515, 0.43999082127829153, 0.4401196509066909]",SHORT
7-C,"N=10, partition (pool 2)",WIRC,3,0.20079832142094772,0.00017532115078663522,0.20036276438732134,0.2012338784545741,False,"[0.2006590049415827, 0.20074077630043033, 0.20099518302083016]",SHORT
7-C,"N=10, partition (pool 2)",M1 PDR,3,0.8619053529923162,0.001122495132383702,0.8591166954462788,0.8646940105383536,False,"[0.8622020288318397, 0.8628497103214263, 0.8606643198236824]",
7-C,"N=10, partition (pool 2)",M0 coll,3,0.9999766666666666,3.21455025366005e-05,0.9998968063664893,1,True,"[1.0, 0.99994, 0.9999899999999999]",
7-C,"N=10, partition (pool 2)",M0 wp,3,0.9999766666666666,3.21455025366005e-05,0.9998968063664893,1,True,"[1.0, 0.99994, 0.9999899999999999]",
7-C,"N=10, partition (pool 2)",M1 wp,3,0.7998299999999999,0.00023811761799575755,0.7992384353035382,0.8004215646964616,False,"[0.80001, 0.7999199999999999, 0.79956]",
7-C,"N=10, partition (pool 2)",coordination time,3,,,,,False,"{""m0"": {""median"": null, ""min"": null, ""max"": null, ""never"": 3, ""n"": 3}, ""m1"": {""median"": null, ""min"": null, ""max"": null, ""never"": 3, ""n"": 3}}",
7-C,"N=10, partition (pool 4)",M0 PDR,3,0.8785318078349036,0.0005342749030912674,0.8772044882794059,0.8798591273904013,False,"[0.878925808992982, 0.8779236844182017, 0.8787459300935271]",SHORT
7-C,"N=10, partition (pool 4)",WIRC,3,0.6533095357616743,0.0032467997131090565,0.6452433871796254,0.6613756843437232,False,"[0.6561981309354306, 0.6497955227792263, 0.653934953570366]",SHORT
7-C,"N=10, partition (pool 4)",M1 PDR,3,0.0350906914295675,0.007697517343882905,0.015967454982930538,0.054213927876204465,False,"[0.02696773233729845, 0.0360272829859701, 0.04227705896543395]",
7-C,"N=10, partition (pool 4)",M0 coll,3,0.3999999999999999,0.0,0.3999999999999999,0.3999999999999999,False,"[0.3999999999999999, 0.3999999999999999, 0.3999999999999999]",
7-C,"N=10, partition (pool 4)",M0 wp,3,0.3999999999999999,0.0,0.3999999999999999,0.3999999999999999,False,"[0.3999999999999999, 0.3999999999999999, 0.3999999999999999]",
7-C,"N=10, partition (pool 4)",M1 wp,3,1.0,0.0,1.0,1.0,False,"[1.0, 1.0, 1.0]",
7-C,"N=10, partition (pool 4)",coordination time,3,,,,,False,"{""m0"": {""median"": null, ""min"": null, ""max"": null, ""never"": 3, ""n"": 3}, ""m1"": {""median"": null, ""min"": null, ""max"": null, ""never"": 3, ""n"": 3}}",
7-C,"N=4, partition (pool 2)",M0 PDR,3,0.9997220548212529,0.0002826554222588933,0.9990198431559454,1,True,"[0.9999061801463366, 0.9998633748620749, 0.999396609455347]",MEETS
7-C,"N=4, partition (pool 2)",WIRC,3,1.0,0.0,1.0,1.0,False,"[1.0, 1.0, 1.0]",MEETS
7-C,"N=4, partition (pool 2)",M1 PDR,3,0.9967839154102427,0.0020166383419277438,0.9917739037250225,1,True,"[0.9979407737841056, 0.9979556545664288, 0.9944553178801938]",
7-C,"N=4, partition (pool 2)",M0 coll,3,1.6666666666666667e-05,2.886751345948129e-05,0,8.838333333333333e-05,True,"[0.0, 0.0, 5e-05]",
7-C,"N=4, partition (pool 2)",M0 wp,3,1.6666666666666667e-05,2.886751345948129e-05,0,8.838333333333333e-05,True,"[0.0, 0.0, 5e-05]",
7-C,"N=4, partition (pool 2)",M1 wp,3,0.0044666666666666665,0.003239341496868357,0,0.012514286517142814,True,"[0.0024000000000000002, 0.0028000000000000004, 0.008199999999999999]",
7-C,"N=4, partition (pool 2)",coordination time,3,,,,,False,"{""m0"": {""median"": 100, ""min"": 50, ""max"": 100, ""never"": 0, ""n"": 3}, ""m1"": {""median"": 150, ""min"": 100, ""max"": 200, ""never"": 0, ""n"": 3}}",
7-C,"Mode 0a + DS, N=10 (suppl.)",M0 PDR,2,0.2965042070465184,0.0007198841475769872,0.290036408814005,0.30297200527903184,False,"[0.29599517208409803, 0.2970132420089388]",SHORT (by seed)
7-C,"Mode 0a + DS, N=10 (suppl.)",WIRC,2,0.0003008938601634166,0.00012824929233786383,0,0.0014531494683690724,True,"[0.0003915798044578961, 0.00021020791586893718]",SHORT (by seed)
7-C,"Mode 0a + DS, N=10 (suppl.)",M1 PDR,2,0.5439156914660583,0.0004249950151796396,0.5400973242784243,0.5477340586536924,False,"[0.5436151746088543, 0.5442162083232623]",
7-C,"Mode 0a + DS, N=10 (suppl.)",M0 coll,2,0.93752,8.485281374231356e-05,0.9367576400000006,0.9382823599999994,False,"[0.9374600000000001, 0.93758]",
7-C,"Mode 0a + DS, N=10 (suppl.)",M0 wp,2,0.93752,8.485281374231356e-05,0.9367576400000006,0.9382823599999994,False,"[0.9374600000000001, 0.93758]",
7-C,"Mode 0a + DS, N=10 (suppl.)",M1 wp,2,0.80293,0.0028425692603698594,0.7773909400000006,0.8284690599999994,False,"[0.8009200000000001, 0.80494]",
7-C,"Mode 0a + DS, N=10 (suppl.)",coordination time,2,,,,,False,"{""m0"": {""median"": null, ""min"": null, ""max"": null, ""never"": 2, ""n"": 2}, ""m1"": {""median"": null, ""min"": null, ""max"": null, ""never"": 2, ""n"": 2}}",
7-C,"Mode 0a + DS, N=4 (suppl.)",M0 PDR,2,0.9998676636680961,2.7828520937201232e-05,0.9996176383561943,1,True,"[0.999847985932231, 0.9998873414039612]",MEETS (by seed)
7-C,"Mode 0a + DS, N=4 (suppl.)",WIRC,2,1.0,0.0,1.0,1.0,False,"[1.0, 1.0]",MEETS (by seed)
7-C,"Mode 0a + DS, N=4 (suppl.)",M1 PDR,2,0.7992797930454563,0.00043106525076640293,0.7954068878337094,0.8031526982572031,False,"[0.7989749838835054, 0.799584602207407]",
7-C,"Mode 0a + DS, N=4 (suppl.)",M0 coll,2,0.0,0.0,0.0,0.0,False,"[0.0, 0.0]",
7-C,"Mode 0a + DS, N=4 (suppl.)",M0 wp,2,0.0,0.0,0.0,0.0,False,"[0.0, 0.0]",
7-C,"Mode 0a + DS, N=4 (suppl.)",M1 wp,2,0.33375,0.0014849242404917824,0.3204086999999997,0.34709130000000027,False,"[0.3348, 0.33269999999999994]",
7-C,"Mode 0a + DS, N=4 (suppl.)",coordination time,2,,,,,False,"{""m0"": {""median"": 400.0, ""min"": 400, ""max"": 400, ""never"": 0, ""n"": 2}, ""m1"": {""median"": null, ""min"": null, ""max"": null, ""never"": 2, ""n"": 2}}",
R1-b3,"Mode 0b, N=10",M0 PDR,3,0.9491218802243471,0.01581118315397516,0.9098415537961343,0.9884022066525598,False,"[0.9314049916788936, 0.9541622873142362, 0.9617983616799115]",STRADDLES
R1-b3,"Mode 0b, N=10",WIRC,3,0.7988345142404238,0.0012516944550735958,0.7957248818805385,0.8019441466003092,False,"[0.7975316835641861, 0.7989439764618872, 0.8000278826951981]",SHORT
R1-b3,"Mode 0b, N=10",M1 PDR,3,0.8803191180559525,0.08798428626598899,0.6617363939533311,1,True,"[0.7857655297577469, 0.9597820712596176, 0.895409753150493]",
R1-b3,"Mode 0b, N=10",M0 coll,3,0.85545,0.12271622753328099,0.5505813871578161,1,True,"[0.7716000000000001, 0.9963, 0.79845]",
R1-b3,"Mode 0b, N=10",M0 wp,3,0.0012733333333333333,0.00021385353243127253,0.0007420488317294898,0.0018046178349371768,False,"[0.00132, 0.0014600000000000001, 0.0010400000000000001]",
R1-b3,"Mode 0b, N=10",M1 wp,3,0.2855266666666667,0.24169761528267786,0,0.8859852871739666,True,"[0.4464300000000001, 0.007590000000000001, 0.40256000000000003]",
R1-b3,"Mode 0b, N=10",coordination time,3,,,,,False,"{""m0"": {""median"": 300, ""min"": 250, ""max"": 350, ""never"": 0, ""n"": 3}, ""m1"": {""median"": 1950, ""min"": 1950, ""max"": 1950, ""never"": 2, ""n"": 3}}",
7-A,"N=4, m0=2",M0 PDR,3,0.999968453451991,3.1697356682037575e-05,0.999889706497683,1,True,"[0.999934046190977, 0.9999748483955859, 0.9999964657694101]",MEETS
7-A,"N=4, m0=2",WIRC,3,1.0,0.0,1.0,1.0,False,"[1.0, 1.0, 1.0]",MEETS
7-A,"N=4, m0=2",M1 PDR,3,0.9999948564708233,8.46498855967346e-06,0.9999738265763115,1,True,"[0.9999850862681865, 0.999999993339181, 0.9999994898051024]",
7-A,"N=4, m0=2",M0 coll,3,0.0,0.0,0.0,0.0,False,"[0.0, 0.0, 0.0]",
7-A,"N=4, m0=2",M0 wp,3,0.0,0.0,0.0,0.0,False,"[0.0, 0.0, 0.0]",
7-A,"N=4, m0=2",M1 wp,3,0.0,0.0,0.0,0.0,False,"[0.0, 0.0, 0.0]",
7-A,"N=4, m0=2",coordination time,3,,,,,False,"{""m0"": {""median"": 400, ""min"": 200, ""max"": 500, ""never"": 0, ""n"": 3}, ""m1"": {""median"": 250, ""min"": 150, ""max"": 300, ""never"": 0, ""n"": 3}}",
7-A,"N=5, m0=2",M0 PDR,3,0.9999701743900775,5.056531486497007e-05,0.9998445530463426,1,True,"[0.9999989281773567, 0.9999998061984777, 0.9999117887943982]",MEETS
7-A,"N=5, m0=2",WIRC,3,1.0,0.0,1.0,1.0,False,"[1.0, 1.0, 1.0]",MEETS
7-A,"N=5, m0=2",M1 PDR,3,0.9999430788964033,6.001051530630401e-06,0.9999281702547956,0.999957987538011,False,"[0.9999364996477962, 0.9999444849774242, 0.9999482520639895]",
7-A,"N=5, m0=2",M0 coll,3,0.0,0.0,0.0,0.0,False,"[0.0, 0.0, 0.0]",
7-A,"N=5, m0=2",M0 wp,3,0.0,0.0,0.0,0.0,False,"[0.0, 0.0, 0.0]",
7-A,"N=5, m0=2",M1 wp,3,4.444444444444444e-05,3.849001794597505e-05,0,0.00014006666666666667,True,"[6.666666666666666e-05, 6.666666666666666e-05, 0.0]",
7-A,"N=5, m0=2",coordination time,3,,,,,False,"{""m0"": {""median"": 250, ""min"": 250, ""max"": 300, ""never"": 0, ""n"": 3}, ""m1"": {""median"": 700, ""min"": 650, ""max"": 800, ""never"": 0, ""n"": 3}}",
7-A,"N=6, m0=3",M0 PDR,3,0.9488663559620577,0.01739608010260509,0.9056486094881091,0.9920841024360063,False,"[0.9413671774104236, 0.9687542643487452, 0.9364776261270044]",STRADDLES
7-A,"N=6, m0=3",WIRC,3,0.6866662682592869,0.03453213649113715,0.6008767621593313,0.7724557743592425,False,"[0.6667066881656646, 0.7265405364334585, 0.6667515801787376]",SHORT
7-A,"N=6, m0=3",M1 PDR,3,0.7773747729744975,0.24331306533385647,0.17290282818141733,1,True,"[0.9243424129263772, 0.49652260351535304, 0.9112593024817623]",
7-A,"N=6, m0=3",M0 coll,3,0.24591666666666664,0.1439764139634606,0,0.6036027729734151,True,"[0.3310499999999999, 0.07968333333333333, 0.3270166666666667]",
7-A,"N=6, m0=3",M0 wp,3,0.011105555555555556,0.017104680429420264,0,0.05359936668751829,True,"[0.0008, 0.03085, 0.0016666666666666666]",
7-A,"N=6, m0=3",M1 wp,3,0.2410111111111111,0.38646177988879415,0,1,True,"[0.010083333333333333, 0.6871666666666666, 0.025783333333333328]",
7-A,"N=6, m0=3",coordination time,3,,,,,False,"{""m0"": {""median"": 3100, ""min"": 2450, ""max"": 3900, ""never"": 0, ""n"": 3}, ""m1"": {""median"": 3550.0, ""min"": 3500, ""max"": 3600, ""never"": 1, ""n"": 3}}",
7-A,"N=7, m0=3: separated",M0 PDR,2,0.9467693703430589,0.01657010773516392,0.7978952579143106,1,True,"[0.9584862058875849, 0.9350525347985328]",MIXED (by seed)
7-A,"N=7, m0=3: separated",WIRC,2,0.6731409522145988,0.004124827369668933,0.6360814458193499,0.7102004586098477,False,"[0.670224258810282, 0.6760576456189156]",SHORT (by seed)
7-A,"N=7, m0=3: separated",M1 PDR,2,0.9820193055208777,0.003965733410479925,0.9463891786049653,1,True,"[0.9792151085339492, 0.984823502507806]",
7-A,"N=7, m0=3: separated",M0 coll,2,0.620475,0.025679761270091372,0.3897552166666674,0.8511947833333326,False,"[0.6023166666666667, 0.6386333333333333]",
7-A,"N=7, m0=3: separated",M0 wp,2,0.0017833333333333332,0.0002592724864350674,0,0.004112766666666666,True,"[0.0015999999999999999, 0.0019666666666666665]",
7-A,"N=7, m0=3: separated",M1 wp,2,0.07423125,0.0411624534998219,0,0.44405526250000005,True,"[0.1033375, 0.045125]",
7-A,"N=7, m0=3: separated",coordination time,2,,,,,False,"{""m0"": {""median"": 1750.0, ""min"": 1750, ""max"": 1750, ""never"": 0, ""n"": 2}, ""m1"": {""median"": 2850.0, ""min"": 2400, ""max"": 3300, ""never"": 0, ""n"": 2}}",
7-A,"N=7, m0=3: not separated",M0 PDR,1,0.6538466105785278,,,,False,[0.6538466105785278],SHORT (by seed)
7-A,"N=7, m0=3: not separated",WIRC,1,0.03255883666973048,,,,False,[0.03255883666973048],SHORT (by seed)
7-A,"N=7, m0=3: not separated",M1 PDR,1,0.683991635398759,,,,False,[0.683991635398759],
7-A,"N=7, m0=3: not separated",M0 coll,1,0.7359333333333333,,,,False,[0.7359333333333333],
7-A,"N=7, m0=3: not separated",M0 wp,1,0.3580833333333333,,,,False,[0.3580833333333333],
7-A,"N=7, m0=3: not separated",M1 wp,1,0.490375,,,,False,[0.490375],
7-A,"N=7, m0=3: not separated",coordination time,1,,,,,False,"{""m0"": {""median"": null, ""min"": null, ""max"": null, ""never"": 1, ""n"": 1}, ""m1"": {""median"": null, ""min"": null, ""max"": null, ""never"": 1, ""n"": 1}}",
7-A,"N=10, m0=5",M0 PDR,3,0.6158364623161909,0.0024929412919222787,0.6096431530135624,0.6220297716188194,False,"[0.6176506461311946, 0.6168649088606465, 0.6129938319567318]",SHORT
7-A,"N=10, m0=5",WIRC,3,0.21703344584753118,0.006177150228317822,0.20168731551677033,0.23237957617829202,False,"[0.22264372579008346, 0.21804285095632076, 0.21041376079618931]",SHORT
7-A,"N=10, m0=5",M1 PDR,3,0.6875321863931493,0.0013045567399855415,0.684291226239078,0.6907731465472206,False,"[0.6887122361957738, 0.6861313100039947, 0.6877530129796794]",
7-A,"N=10, m0=5",M0 coll,3,0.8654566666666664,0.0003690979996332608,0.8645397024035619,0.8663736309297709,False,"[0.8651599999999998, 0.8653399999999999, 0.8658699999999997]",
7-A,"N=10, m0=5",M0 wp,3,0.5900666666666667,0.0024745571994466775,0.5839190296674007,0.5962143036659328,False,"[0.5884, 0.58889, 0.59291]",
7-A,"N=10, m0=5",M1 wp,3,0.59056,0.00180966847792639,0.5860641714558897,0.5950558285441102,False,"[0.5886799999999999, 0.5907100000000001, 0.5922900000000001]",
7-A,"N=10, m0=5",coordination time,3,,,,,False,"{""m0"": {""median"": null, ""min"": null, ""max"": null, ""never"": 3, ""n"": 3}, ""m1"": {""median"": null, ""min"": null, ""max"": null, ""never"": 3, ""n"": 3}}",
7-A,"N=15, m0=7",M0 PDR,3,0.8338589588664472,0.003151486669594489,0.8260296001201531,0.8416883176127413,False,"[0.836250979848206, 0.835037931521982, 0.8302879652291537]",SHORT
7-A,"N=15, m0=7",WIRC,3,0.5910469859441121,0.002017471820633106,0.5860349036158984,0.5960590682723258,False,"[0.5921417430043221, 0.5887187865972519, 0.5922804282307624]",SHORT
7-A,"N=15, m0=7",M1 PDR,3,0.893334121794502,0.0034760135734799528,0.8846985284612565,0.9019697151277475,False,"[0.8972509233832359, 0.8921351084828377, 0.8906163335174323]",
7-A,"N=15, m0=7",M0 coll,3,0.9985190476190476,0.00010602592418194284,0.9982556433645297,0.9987824518735656,False,"[0.9984928571428573, 0.9984285714285714, 0.9986357142857143]",
7-A,"N=15, m0=7",M0 wp,3,0.6308238095238095,0.012252459839103502,0.600384555399582,0.6612630636480369,False,"[0.6216999999999999, 0.6447499999999999, 0.6260214285714284]",
7-A,"N=15, m0=7",M1 wp,3,0.7605562499999999,0.005440110723827158,0.7470411750712886,0.7740713249287112,False,"[0.7598250000000002, 0.7555187499999999, 0.7663249999999998]",
7-A,"N=15, m0=7",coordination time,3,,,,,False,"{""m0"": {""median"": null, ""min"": null, ""max"": null, ""never"": 3, ""n"": 3}, ""m1"": {""median"": 3700, ""min"": 3700, ""max"": 3700, ""never"": 2, ""n"": 3}}",
7-A,"N=20, m0=10",M0 PDR,3,0.8168806383905312,0.001280380954478808,0.8136997390641104,0.8200615377169519,False,"[0.8180005157925189, 0.8154847682677209, 0.8171566311113536]",SHORT
7-A,"N=20, m0=10",WIRC,3,0.6172025896807511,0.002129191306502098,0.6119129583651789,0.6224922209963234,False,"[0.6187877710759639, 0.6180375294983388, 0.6147824684679508]",SHORT
7-A,"N=20, m0=10",M1 PDR,3,0.8929422871589661,0.0006905418661926086,0.8912267476163371,0.894657826701595,False,"[0.8922792407717556, 0.8936573793623598, 0.8928902413427828]",
7-A,"N=20, m0=10",M0 coll,3,0.9997033333333333,8.892881047960972e-05,0.999482404091638,0.9999242625750285,False,"[0.9996849999999999, 0.9996250000000001, 0.9997999999999999]",
7-A,"N=20, m0=10",M0 wp,3,0.8828216666666668,0.007727153960762926,0.8636248028403494,0.9020185304929843,False,"[0.8917400000000002, 0.8786, 0.8781250000000002]",
7-A,"N=20, m0=10",M1 wp,3,0.8725000000000003,0.01270232951076291,0.8409431174617037,0.9040568825382969,False,"[0.8579550000000004, 0.8814100000000002, 0.8781350000000002]",
7-A,"N=20, m0=10",coordination time,3,,,,,False,"{""m0"": {""median"": null, ""min"": null, ""max"": null, ""never"": 3, ""n"": 3}, ""m1"": {""median"": 4500, ""min"": 4500, ""max"": 4500, ""never"": 2, ""n"": 3}}",
7-A,"N=4, M=3, m0=2",M0 PDR,3,0.7564482335766307,0.0013823644574349888,0.7530139727371973,0.7598824944160641,False,"[0.7552450046405197, 0.7579582045763732, 0.7561414915129993]",SHORT
7-A,"N=4, M=3, m0=2",WIRC,3,0.5,0.0,0.5,0.5,False,"[0.5, 0.5, 0.5]",SHORT
7-A,"N=4, M=3, m0=2",M1 PDR,3,0.8600143482665221,0.0025206185275662724,0.8537522793498825,0.8662764171831617,False,"[0.8593260402083396, 0.8579093816831709, 0.862807622908056]",
7-A,"N=4, M=3, m0=2",M0 coll,3,0.4999416666666667,3.818813079127629e-05,0.49984679443423746,0.5000365388990958,False,"[0.49995000000000006, 0.49997499999999995, 0.4999]",
7-A,"N=4, M=3, m0=2",M0 wp,3,1.6666666666666667e-05,2.886751345948129e-05,0,8.838333333333333e-05,True,"[0.0, 5e-05, 0.0]",
7-A,"N=4, M=3, m0=2",M1 wp,3,0.00013333333333333334,5.773502691896258e-05,0,0.00027676666666666665,True,"[0.0001, 0.0001, 0.0002]",
7-A,"N=4, M=3, m0=2",coordination time,3,,,,,False,"{""m0"": {""median"": null, ""min"": null, ""max"": null, ""never"": 3, ""n"": 3}, ""m1"": {""median"": null, ""min"": null, ""max"": null, ""never"": 3, ""n"": 3}}",
7-A,"N=4, M=4, m0=2",M0 PDR,3,0.9999848481565714,1.3240312679072403e-05,0.9999519547418927,1,True,"[0.9999999603807928, 0.9999752867043018, 0.9999792973846198]",MEETS
7-A,"N=4, M=4, m0=2",WIRC,3,1.0,0.0,1.0,1.0,False,"[1.0, 1.0, 1.0]",MEETS
7-A,"N=4, M=4, m0=2",M1 PDR,3,0.9999546154846748,4.949354047747912e-05,0.9998316567910014,1,True,"[0.9999999997705221, 0.9999018432736396, 0.9999620034098625]",
7-A,"N=4, M=4, m0=2",M0 coll,3,0.0,0.0,0.0,0.0,False,"[0.0, 0.0, 0.0]",
7-A,"N=4, M=4, m0=2",M0 wp,3,0.0,0.0,0.0,0.0,False,"[0.0, 0.0, 0.0]",
7-A,"N=4, M=4, m0=2",M1 wp,3,0.0,0.0,0.0,0.0,False,"[0.0, 0.0, 0.0]",
7-A,"N=4, M=4, m0=2",coordination time,3,,,,,False,"{""m0"": {""median"": 200, ""min"": 200, ""max"": 400, ""never"": 0, ""n"": 3}, ""m1"": {""median"": 150, ""min"": 150, ""max"": 200, ""never"": 0, ""n"": 3}}",
4b,"Mode 0c, N=4",worst vehicle,5,0.9994256604909897,0.00023716819165449474,0.9991312244959046,0.9997200964860747,False,"[0.9995559006929398, 0.9992990493774414, 0.9996253353357315, 0.9990676242113113, 0.9995803928375244]",
4b,"Mode 0c, N=4",per-vehicle p05,5,0.9979900795221328,0.002728964691054109,0.9946021655326678,1,True,"[0.9999960124492645, 0.9950013071298599, 0.9999997317790985, 0.9950001239776611, 0.9999532222747802]",
4b,"Mode 0c, N=4",share meeting 0.95,5,1.0,0.0,1.0,1.0,False,"[1.0, 1.0, 1.0, 1.0, 1.0]",
4b,"Mode 0c, N=4",AoI mean,5,1.000292,0.00012934510524180196,1.0001314225865383,1.0004525774134616,False,"[1.0002225, 1.00035125, 1.0001849999999999, 1.0004925, 1.0002087499999999]",
4b,"Mode 0c, N=4",AoI p95,5,1.0,0.0,1.0,1.0,False,"[1.0, 1.0, 1.0, 1.0, 1.0]",
4b,"Mode 0c, N=4",AoI peak,5,1.1015,0.04032214032017652,1.051441476442068,1.1515585235579318,False,"[1.072, 1.1095, 1.0739999999999998, 1.1685, 1.0835]",
4b,"Mode 0c, N=4",AoI worst vehicle,5,1.0005644999999999,0.00023637496694863937,1.0002710487655775,1.0008579512344222,False,"[1.000445, 1.0006475, 1.00037, 1.0009424999999998, 1.0004175]",
4b,"SB-SPS, N=4",worst vehicle,5,0.9679084794521332,0.0011765475418251553,0.9664478369274107,0.9693691219768558,False,"[0.9695682579278946, 0.9686511528491973, 0.967023812532425, 0.967534396648407, 0.966764777302742]",
4b,"SB-SPS, N=4",per-vehicle p05,5,0.9199043524265289,0.005174087142355515,0.9134809046370574,0.9263278002160004,False,"[0.918749988079071, 0.925000011920929, 0.924715319275856, 0.9125000238418579, 0.9185564190149307]",
4b,"SB-SPS, N=4",share meeting 0.95,5,0.857,0.013509256086106309,0.8402287321886507,0.8737712678113493,False,"[0.855, 0.87, 0.86, 0.865, 0.835]",
4b,"SB-SPS, N=4",AoI mean,5,1.0707,0.007131650456410655,1.06184630598613,1.07955369401387,False,"[1.069540625, 1.0652187499999999, 1.0738984375, 1.0635921875, 1.08125]",
4b,"SB-SPS, N=4",AoI p95,5,1.1869999999999854,0.023294312610588373,1.1580809275667328,1.215919072433238,False,"[1.1909999999999854, 1.1704999999999928, 1.1909999999999854, 1.1609999999999854, 1.2214999999999783]",
4b,"SB-SPS, N=4",AoI peak,5,4.7036,0.34875392470909927,4.2706342293998745,5.136565770600125,False,"[4.7565, 4.3294999999999995, 4.9245, 4.373, 5.1345]",
4b,"SB-SPS, N=4",AoI worst vehicle,5,1.12861375,0.013735225300754989,1.1115619493308946,1.1456655506691054,False,"[1.126871875, 1.113165625, 1.136609375, 1.11895, 1.147471875]",
4b,"SB-SPS, N=4",reuse ratio,5,1.119753625924139,0.026213605239961673,1.0872103540386846,1.1522968978095933,False,"[1.0797082768168031, 1.1271956321148644, 1.144718197689493, 1.1383580326640546, 1.10878799033548]",
4b,"Mode 0c, N=10",worst vehicle,5,0.8251378476619721,0.049634237908846066,0.7635186814195318,0.8867570139044123,False,"[0.8105979084968566, 0.7935883837938309, 0.796364676952362, 0.9126558291912079, 0.8124824398756028]",
4b,"Mode 0c, N=10",per-vehicle p05,5,0.8091693770885467,0.05386524376232982,0.7422975654133842,0.8760411887637093,False,"[0.7936251789331437, 0.7773362159729004, 0.7766293346881866, 0.9043487071990967, 0.7939074486494064]",
4b,"Mode 0c, N=10",share meeting 0.95,5,0.6028,0.05275604230796696,0.5373052230430548,0.6682947769569452,False,"[0.648, 0.55, 0.56, 0.588, 0.668]",
4b,"Mode 0c, N=10",AoI mean,5,1.0689251,0.013285574773038633,1.0524315246968052,1.0854186753031947,False,"[1.0686769999999999, 1.0812255, 1.078627, 1.047467, 1.068629]",
4b,"Mode 0c, N=10",AoI p95,5,1.796,0.35260459441136044,1.3582537579647314,2.2337462420352687,False,"[1.92, 2.0, 1.99, 1.17, 1.9]",
4b,"Mode 0c, N=10",AoI peak,5,3.8529000000000004,0.4386626551235016,3.3083156926908748,4.397484307309126,False,"[3.8555000000000006, 4.3245000000000005, 4.063000000000001, 3.144, 3.8774999999999995]",
4b,"Mode 0c, N=10",AoI worst vehicle,5,1.214926,0.06846145420052073,1.1299335047927905,1.2999184952072094,False,"[1.2310875000000001, 1.2654174999999999, 1.2528475, 1.09544, 1.2298375]",
4b,"Mode 0c, N=10",reuse ratio,5,1.418538676073123,0.0020366943215659574,1.4160101914771452,1.4210671606691005,False,"[1.4177308653072622, 1.420554836453125, 1.420274530690532, 1.4155619687607355, 1.4185711791539595]",
4b,"SB-SPS, N=10",worst vehicle,5,0.6760635600686073,0.009769256522329937,0.6639353705954452,0.6881917495417695,False,"[0.6698793211579323, 0.6829285356402397, 0.6801225408911705, 0.6852840638160705, 0.6621033388376236]",
4b,"SB-SPS, N=10",per-vehicle p05,5,0.5978075295686722,0.016940056172725853,0.5767770437298348,0.6188380154075096,False,"[0.594882783293724, 0.6238833338022232, 0.5868394851684571, 0.6032236158847809, 0.5802084296941757]",
4b,"SB-SPS, N=10",share meeting 0.95,5,0.5004,0.016697305171793457,0.479670881018239,0.5211291189817608,False,"[0.488, 0.516, 0.514, 0.506, 0.478]",
4b,"SB-SPS, N=10",AoI mean,5,1.2041825,0.014223601225988279,1.1865243977416364,1.2218406022583634,False,"[1.2260562499999998, 1.18933375, 1.1966856249999998, 1.1992231250000003, 1.20961375]",
4b,"SB-SPS, N=10",AoI p95,5,2.37,0.07106335201775947,2.2817773398723435,2.4582226601276567,False,"[2.48, 2.29, 2.34, 2.39, 2.35]",
4b,"SB-SPS, N=10",AoI peak,5,8.4124,0.3242704118478896,8.00982965225223,8.814970347747769,False,"[8.932, 8.216, 8.262, 8.133000000000001, 8.518999999999998]",
4b,"SB-SPS, N=10",AoI worst vehicle,5,1.74956375,0.032299541012363826,1.709465002219274,1.789662497780726,False,"[1.79925625, 1.7188343750000001, 1.7340218750000003, 1.7318531249999998, 1.763853125]",
4b,"SB-SPS, N=10",reuse ratio,5,1.3748409120142726,0.001715098197109506,1.3727116777320039,1.3769701462965414,False,"[1.3729906408488834, 1.3765711152870637, 1.3766547442687982, 1.373435131699549, 1.3745529279670687]",
4b,"Mode 0b, N=10",worst vehicle,3,0.8455114467938741,0.08876075689175326,0.624999707048026,1,True,"[0.7430202394723893, 0.896387888789177, 0.8971262121200562]",
4b,"Mode 0b, N=10",per-vehicle p05,3,0.8295014719168345,0.09308639532771915,0.5982433833291261,1,True,"[0.7220147460699081, 0.8834175199270249, 0.8830721497535705]",
4b,"Mode 0b, N=10",share meeting 0.95,3,0.6826666666666666,0.0729474696842415,0.5014404805296246,0.8638928528037086,False,"[0.738, 0.6, 0.71]",
4b,"Mode 0b, N=10",AoI mean,3,1.0599223333333334,0.026135854502643045,1,1.1248526352814192,True,"[1.089359, 1.0509655, 1.0394425000000003]",
4b,"Mode 0b, N=10",AoI p95,3,1.42,0.5188448708429139,1,2.708986136827442,True,"[2.0, 1.26, 1.0]",
4b,"Mode 0b, N=10",AoI peak,3,3.8841666666666668,0.9898932181469537,1.424937122664415,6.343396210668919,False,"[4.9955, 3.5600000000000005, 3.0970000000000004]",
4b,"Mode 0b, N=10",AoI worst vehicle,3,1.1962658333333334,0.13831402031096954,1,1.539884638738633,True,"[1.3559549999999998, 1.1187225, 1.11412]",
4b,"Mode 0b, N=10",reuse ratio,3,1.3662628573462328,0.05769195607747977,1.2229365265500598,1.5095891881424057,False,"[1.3020545406629762, 1.4137400715835777, 1.3829939597921446]",
4b,"M=7, shared pool",worst vehicle,3,0.8899964569012324,0.03267173324481532,0.8088288216690023,0.9711640921334626,False,"[0.8923814481496811, 0.9214103412628174, 0.8561975812911987]",
4b,"M=7, shared pool",per-vehicle p05,3,0.876988086104393,0.03142929516798749,0.7989070872579016,0.9550690849508845,False,"[0.8789125889539718, 0.9074109077453614, 0.8446407616138458]",
4b,"M=7, shared pool",share meeting 0.95,3,0.8026666666666668,0.009018499505645797,0.7802616637630492,0.8250716695702843,False,"[0.802, 0.812, 0.794]",
4b,"M=7, shared pool",AoI mean,3,1.0295686666666666,0.010746104879598756,1.0028717077236335,1.0562656256096996,False,"[1.027781, 1.0198284999999998, 1.0410965]",
4b,"M=7, shared pool",AoI p95,3,1.0,0.0,1.0,1.0,False,"[1.0, 1.0, 1.0]",
4b,"M=7, shared pool",AoI peak,3,3.1206666666666667,0.33887989514477435,2.2787743951260255,3.962558938207308,False,"[3.1315, 2.7765, 3.4539999999999997]",
4b,"M=7, shared pool",AoI worst vehicle,3,1.12379,0.040353334512156405,1.0235386692382125,1.2240413307617877,False,"[1.11997, 1.0854825000000001, 1.1659175]",
4b,"M=7, shared pool",reuse ratio,3,1.762280957090853,0.13692668685942752,1.422108757186904,2.102453156994802,False,"[1.772758174032051, 1.8936680728385544, 1.620416624401954]",
4b,"M=7, partition (pool 5)",worst vehicle,3,0.9997237384319305,0.00016159139578753536,0.9993222907532393,1,True,"[0.9995731025934219, 0.9998944157361984, 0.9997036969661712]",
4b,"M=7, partition (pool 5)",per-vehicle p05,3,0.9999994605779647,9.343063717313659e-07,0.9999971394449472,1,True,"[0.9999983817338943, 1.0, 1.0]",
4b,"M=7, partition (pool 5)",share meeting 0.95,3,1.0,0.0,1.0,1.0,False,"[1.0, 1.0, 1.0]",
4b,"M=7, partition (pool 5)",AoI mean,3,1.0000558333333334,3.365016097040563e-05,1,1.0001394317139483,True,"[1.0000875, 1.0000205, 1.0000594999999999]",
4b,"M=7, partition (pool 5)",AoI p95,3,1.0,0.0,1.0,1.0,False,"[1.0, 1.0, 1.0]",
4b,"M=7, partition (pool 5)",AoI peak,3,1.0523333333333333,0.033340415914222384,1,1.1351622024704149,True,"[1.087, 1.0205, 1.0495]",
4b,"M=7, partition (pool 5)",AoI worst vehicle,3,1.0002791666666666,0.00016825080485206444,1,1.0006971585697417,True,"[1.0004375, 1.0001025, 1.0002975]",
