figure,config,metric,n,mean,sd_sample,ci95_low,ci95_high,clipped
7-B,"Mode 0a, N=4, 5000 ep",M0 PDR,4,0.9983024285132066,0.0006947010656283917,0.9971971591177918,0.9994076979086214,False
7-B,"Mode 0a, N=4, 5000 ep",M0 tail,4,1.0,0.0,1.0,1.0,False
7-B,"Mode 0a, N=4, 5000 ep",M1 PDR,4,0.7896740722518621,0.0031674104556894712,0.7846347222168601,0.7947134222868641,False
7-B,"Mode 0a, N=4, 5000 ep",M0 coll,4,0.0031374999999999997,0.0014776811789647538,0.0007865092442670765,0.005488490755732923,False
7-B,"Mode 0a, N=4, 5000 ep",M0 wp,4,2.5e-05,5e-05,0.0,0.00010455,True
7-B,"Mode 0c, N=4, 3000 ep",M0 PDR,5,0.9937709284404372,0.002853739470897709,0.990228110936262,0.9973137459446125,False
7-B,"Mode 0c, N=4, 3000 ep",M0 tail,5,0.9999999971270561,6.39082993145714e-09,0.9999999891930648,1.0,True
7-B,"Mode 0c, N=4, 3000 ep",M1 PDR,5,0.993949628061679,0.003169240064704231,0.9900151276313942,0.9978841284919637,False
7-B,"Mode 0c, N=4, 3000 ep",M0 coll,5,0.00705,0.002916922607818041,0.003428742846468923,0.010671257153531077,False
7-B,"Mode 0c, N=4, 3000 ep",M0 wp,5,0.0,0.0,0.0,0.0,False
7-B,"SB-SPS, N=4, warm-up 40",M0 PDR,5,0.9811173840482361,0.0009244984703120669,0.9799696516092358,0.9822651164872365,False
7-B,"SB-SPS, N=4, warm-up 40",M0 tail,5,0.8572869548231363,0.008690640508617408,0.8464978293159159,0.8680760803303568,False
7-B,"SB-SPS, N=4, warm-up 40",M1 PDR,5,0.9833214611371461,0.0018933113850996951,0.9809709814299444,0.9856719408443478,False
7-B,"SB-SPS, N=4, warm-up 40",M0 coll,5,0.02978125,0.0018883638337857452,0.027436912504298923,0.032125587495701075,False
7-B,"SB-SPS, N=4, warm-up 40",M0 wp,5,0.008875000000000001,0.0021199388257683287,0.006243170270515208,0.011506829729484795,False
7-B,"Mode 0a, N=10, 5000 ep",M0 PDR,3,0.620897522450783,0.0010346939855698978,0.6183269926485098,0.6234680522530562,False
7-B,"Mode 0a, N=10, 5000 ep",M0 tail,3,0.22478009877105554,0.005533453660773006,0.2110331284176126,0.23852706912449848,False
7-B,"Mode 0a, N=10, 5000 ep",M1 PDR,3,0.6580690901885002,0.0062359733650977685,0.6425768232915036,0.6735613570854969,False
7-B,"Mode 0a, N=10, 5000 ep",M0 coll,3,0.8653966666666668,0.0006671081871281641,0.8637393443082992,0.8670539890250344,False
7-B,"Mode 0a, N=10, 5000 ep",M0 wp,3,0.5903700000000001,0.0020621105692954556,0.5852470199229127,0.5954929800770874,False
7-B,"Mode 0c, N=10, 5000 ep",M0 PDR,5,0.9490284261469545,0.005805659452883027,0.9418209034761886,0.9562359488177203,False
7-B,"Mode 0c, N=10, 5000 ep",M0 tail,5,0.7963221648931503,0.002885165688847238,0.7927403328411591,0.7999039969451416,False
7-B,"Mode 0c, N=10, 5000 ep",M1 PDR,5,0.9621988259136677,0.006183332238228149,0.9545224357206853,0.9698752161066501,False
7-B,"Mode 0c, N=10, 5000 ep",M0 coll,5,0.987164,0.005017641876419603,0.9809347735233903,0.9933932264766098,False
7-B,"Mode 0c, N=10, 5000 ep",M0 wp,5,0.00023600000000000002,0.0004398636152263563,0.0,0.000782075257172489,True
7-B,"SB-SPS, N=10, warm-up 40",M0 PDR,5,0.8967100402214434,0.00541943556206328,0.8899820009705486,0.9034380794723382,False
7-B,"SB-SPS, N=10, warm-up 40",M0 tail,5,0.67364173001647,0.01272382764807792,0.6578455440746821,0.6894379159582579,False
7-B,"SB-SPS, N=10, warm-up 40",M1 PDR,5,0.9436674272535369,0.0014659041368661576,0.9418475586605926,0.9454872958464813,False
7-B,"SB-SPS, N=10, warm-up 40",M0 coll,5,0.962505,0.0036962882564809665,0.9579161877173501,0.96709381228265,False
7-B,"SB-SPS, N=10, warm-up 40",M0 wp,5,0.126175,0.013502925030340649,0.10941159197242399,0.142938408027576,False
7-A,"N=4, M=3: arrangement A (M1 crowds)",M0 PDR,2,0.9023926412988934,0.005448221427372332,0.8534431026308927,0.9513421799668941,False
7-A,"N=4, M=3: arrangement A (M1 crowds)",M0 tail,2,0.5000000343322755,3.700493301329018e-08,0.4999997018615006,0.5000003668030503,False
7-A,"N=4, M=3: arrangement A (M1 crowds)",M1 PDR,2,0.5090238617361473,0.03621272555206106,0.18367067385383506,0.8343770496184596,False
7-A,"N=4, M=3: arrangement A (M1 crowds)",M0 coll,2,0.15727499999999997,0.0180665782593163,0.0,0.31959415,True
7-A,"N=4, M=3: arrangement A (M1 crowds)",M0 wp,2,7.5e-05,0.00010606601717798212,0.0,0.00102795,True
7-A,"N=4, M=3: arrangement B (M1 separates)",M0 PDR,3,0.7642478556456309,0.0028048840284175054,0.7572795750839185,0.7712161362073433,False
7-A,"N=4, M=3: arrangement B (M1 separates)",M0 tail,3,0.5,0.0,0.5,0.5,False
7-A,"N=4, M=3: arrangement B (M1 separates)",M1 PDR,3,0.8317107206215572,0.011875862112760193,0.802207062618052,0.8612143786250623,False
7-A,"N=4, M=3: arrangement B (M1 separates)",M0 coll,3,0.4877833333333333,0.015432156632607536,0.4494446369741218,0.5261220296925447,False
7-A,"N=4, M=3: arrangement B (M1 separates)",M0 wp,3,1.6666666666666667e-05,2.886751345948129e-05,0.0,8.838333333333333e-05,True
7-A,"N=4, M=4",M0 PDR,5,0.9939947103752608,0.003977750944287657,0.9890564720334689,0.9989329487170526,False
7-A,"N=4, M=4",M0 tail,5,0.9988157931029796,0.002647967121161586,0.9955284347568512,1.0,True
7-A,"N=4, M=4",M1 PDR,5,0.7004774707070732,0.010603031026350055,0.6873141794183805,0.713640761995766,False
7-A,"N=4, M=4",M0 coll,5,0.011239999999999998,0.005783748784309361,0.004059678656104586,0.01842032134389541,False
7-A,"N=4, M=4",M0 wp,5,2e-05,4.4721359549995795e-05,0.0,7.552e-05,True
7-A,"N=5, 5000 ep: on the floor",M0 PDR,2,0.7024974109254338,0.006420681165230886,0.6448108089467851,0.7601840129040826,False
7-A,"N=5, 5000 ep: on the floor",M0 tail,2,0.03856373053183819,0.021154879618511598,0.0,0.22862972026945866,True
7-A,"N=5, 5000 ep: on the floor",M1 PDR,2,0.5981679398669493,0.004135825250500024,0.5610096230249915,0.6353262567089071,False
7-A,"N=5, 5000 ep: on the floor",M0 coll,2,0.5864625,0.004826003781598244,0.5431032749999994,0.6298217250000006,False
7-A,"N=5, 5000 ep: on the floor",M0 wp,2,0.20734999999999998,0.010040916292848949,0.11713740000000022,0.29756259999999973,False
7-A,"N=5, 5000 ep: separated",M0 PDR,3,0.9984504750317704,0.0010652524414390618,0.9958040276899941,1.0,True
7-A,"N=5, 5000 ep: separated",M0 tail,3,1.0,0.0,1.0,1.0,False
7-A,"N=5, 5000 ep: separated",M1 PDR,3,0.6748443797801298,0.0015607567013088829,0.6709669322731721,0.6787218272870875,False
7-A,"N=5, 5000 ep: separated",M0 coll,3,0.003916666666666667,0.002506159079813836,0.0,0.01014281342478369,True
7-A,"N=5, 5000 ep: separated",M0 wp,3,0.0001833333333333333,0.00010408329997330662,0.0,0.00044191145230535904,True
7-A,"N=5, 10000 ep",M0 PDR,2,0.9982921073511244,0.0009729789407751777,0.9895503792625149,1.0,True
7-A,"N=5, 10000 ep",M0 tail,2,1.0,0.0,1.0,1.0,False
7-A,"N=5, 10000 ep",M1 PDR,2,0.6775311150875072,0.00030531109809160234,0.6747880479047528,0.6802741822702616,False
7-A,"N=5, 10000 ep",M0 coll,2,0.003812499999999999,0.002068287334970651,0.0,0.022395024999999992,True
7-A,"N=5, 10000 ep",M0 wp,2,0.0,0.0,0.0,0.0,False
7-A,"N=6, 5000 ep",M0 PDR,3,0.6950702824271674,0.0039830636605279355,0.6851750051891351,0.7049655596651997,False
7-A,"N=6, 5000 ep",M0 tail,3,0.10865042220379185,0.0021828315539261923,0.10322753037204004,0.11407331403554367,False
7-A,"N=6, 5000 ep",M1 PDR,3,0.500311838058427,0.009749366555904701,0.47609111421664696,0.5245325619002071,False
7-A,"N=6, 5000 ep",M0 coll,3,0.6706222222222222,0.0012927504413860198,0.6674105929068606,0.6738338515375839,False
7-A,"N=6, 5000 ep",M0 wp,3,0.3588388888888889,0.0007881647693876234,0.35688082103784513,0.3607969567399326,False
7-A,"N=6, 10000 ep",M0 PDR,2,0.688018901315288,0.0023284261988246557,0.667099159015107,0.708938643615469,False
7-A,"N=6, 10000 ep",M0 tail,2,0.08869332921097793,0.014013565668835796,0.0,0.21459819261042334,True
7-A,"N=6, 10000 ep",M1 PDR,2,0.5189340728404231,0.0057528851594491025,0.46724728324882664,0.5706208624320196,False
7-A,"N=6, 10000 ep",M0 coll,2,0.6702083333333333,0.001119585736878734,0.6601494166666664,0.6802672500000002,False
7-A,"N=6, 10000 ep",M0 wp,2,0.359375,0.0004596194077713623,0.355245549999999,0.363504450000001,False
7-A,"N=7, 5000 ep",M0 PDR,3,0.6884088917297727,0.004083940693025621,0.6782630018255642,0.6985547816339812,False
7-A,"N=7, 5000 ep",M0 tail,3,0.08911814291863518,0.004615410385535043,0.07765190255075988,0.10058438328651048,False
7-A,"N=7, 5000 ep",M1 PDR,3,0.6158511050825785,0.006003813474882452,0.6009356018712837,0.6307666082938732,False
7-A,"N=7, 5000 ep",M0 coll,3,0.7358777777777779,0.0006980793757266635,0.7341435125122179,0.7376120430433378,False
7-A,"N=7, 5000 ep",M0 wp,3,0.3586944444444444,0.0006403847223291485,0.35710351221073583,0.360285376678153,False
7-A,"N=15, 5000 ep",M0 PDR,2,0.5937838419310315,0.000609073901806345,0.5883116182144343,0.5992560656476287,False
7-A,"N=15, 5000 ep",M0 tail,2,0.2970586491078139,0.0019610644542360175,0.27943946794700614,0.3146778302686216,False
7-A,"N=15, 5000 ep",M1 PDR,2,0.6212361466168648,0.009964878727608043,0.5317067060276189,0.7107655872061106,False
7-A,"N=15, 5000 ep",M0 coll,2,0.9560428571428572,2.020305089108685e-05,0.9558613428571425,0.9562243714285719,False
7-A,"N=15, 5000 ep",M0 wp,2,0.7377928571428571,0.0007576144084139513,0.7309860714285733,0.744599642857141,False
7-A,"N=20, 5000 ep",M0 PDR,3,0.5775325170879296,0.0008070300610407238,0.575527581472021,0.5795374527038383,False
7-A,"N=20, 5000 ep",M0 tail,3,0.3211852138489485,0.001436997535858835,0.31761522596534847,0.3247552017325485,False
7-A,"N=20, 5000 ep",M1 PDR,3,0.6055345569328826,0.0015555242889357117,0.6016701085079053,0.60939900535786,False
7-A,"N=20, 5000 ep",M0 coll,3,0.9858466666666668,0.0002503164663647695,0.9852247959051044,0.9864685374282292,False
7-A,"N=20, 5000 ep",M0 wp,3,0.8656316666666669,0.0004598188048931568,0.8644893212407655,0.8667740120925683,False
7-C,"Mode 0a + DS, N=4",M0 PDR,3,0.9959927096504839,0.004191190747367919,0.9855803743384282,1.0,True
7-C,"Mode 0a + DS, N=4",M0 tail,3,1.0,0.0,1.0,1.0,False
7-C,"Mode 0a + DS, N=4",M1 PDR,3,0.7923835487347194,0.00376949282546221,0.7830188536824243,0.8017482437870145,False
7-C,"Mode 0a + DS, N=4",M0 coll,3,0.006816666666666666,0.007985820767668989,0.0,0.026656146324605726,True
7-C,"Mode 0a + DS, N=4",M0 wp,3,0.006816666666666666,0.007985820767668989,0.0,0.026656146324605726,True
7-C,"Mode 0c + DS, N=4",M0 PDR,3,0.9992381242154158,0.0006120756932293405,0.9977175211843404,1.0,True
7-C,"Mode 0c + DS, N=4",M0 tail,3,1.0,0.0,1.0,1.0,False
7-C,"Mode 0c + DS, N=4",M1 PDR,3,0.9992491677767109,0.00017066042116936706,0.9988251895717514,0.9996731459816705,False
7-C,"Mode 0c + DS, N=4",M0 coll,3,0.0008166666666666667,0.0009438396756511847,0.0,0.0031614836354180546,True
7-C,"Mode 0c + DS, N=4",M0 wp,3,0.0008166666666666667,0.0009438396756511847,0.0,0.0031614836354180546,True
7-C,"Mode 0a + DS, N=10",M0 PDR,3,0.40848831980629896,0.034123382643602845,0.3237142965075719,0.49326234310502604,False
7-C,"Mode 0a + DS, N=10",M0 tail,3,0.20753974788387616,0.01259780856929324,0.17624253071404256,0.23883696505370977,False
7-C,"Mode 0a + DS, N=10",M1 PDR,3,0.52833758442824,0.0011746437398464918,0.525419372104172,0.5312557967523079,False
7-C,"Mode 0a + DS, N=10",M0 coll,3,0.9505100000000001,0.024170409595205243,0.8904625279318158,1.0,True
7-C,"Mode 0a + DS, N=10",M0 wp,3,0.9505100000000001,0.024170409595205243,0.8904625279318158,1.0,True
7-C,"Mode 0c + DS, N=10",M0 PDR,3,0.5134881942787611,0.0004359083991038532,0.5124052503875386,0.5145711381699837,False
7-C,"Mode 0c + DS, N=10",M0 tail,3,0.32828165136526033,0.009489533154140863,0.3047064415712807,0.35185686115924,False
7-C,"Mode 0c + DS, N=10",M1 PDR,3,0.870880606584996,0.009706657472045105,0.8467659865520908,0.8949952266179012,False
7-C,"Mode 0c + DS, N=10",M0 coll,3,0.9999966666666666,5.773502691934081e-06,0.9999823233333333,1.0,True
7-C,"Mode 0c + DS, N=10",M0 wp,3,0.9999966666666666,5.773502691934081e-06,0.9999823233333333,1.0,True
7-C,"Mode 0a + DS, N=4, 3000 ep",M0 PDR,5,0.9976200036890921,0.0011992093094896682,0.9961312273743105,0.9991087800038737,False
7-C,"Mode 0a + DS, N=4, 3000 ep",M0 tail,5,1.0,0.0,1.0,1.0,False
7-C,"Mode 0a + DS, N=4, 3000 ep",M1 PDR,5,0.788963729504935,0.0022345027534272023,0.7861896726757461,0.7917377863341238,False
7-C,"Mode 0a + DS, N=4, 3000 ep",M0 coll,5,0.0033300000000000005,0.002222779791162409,0.0005704968174687678,0.006089503182531233,False
7-C,"Mode 0a + DS, N=4, 3000 ep",M0 wp,5,0.0033300000000000005,0.002222779791162409,0.0005704968174687678,0.006089503182531233,False
T-2,"DS, delta=0.6, N=4: M1 on the floor",M0 PDR,1,0.9988507384546103,,,,False
T-2,"DS, delta=0.6, N=4: M1 on the floor",M0 tail,1,1.0,,,,False
T-2,"DS, delta=0.6, N=4: M1 on the floor",M1 PDR,1,0.8015627632562878,,,,False
T-2,"DS, delta=0.6, N=4: M1 on the floor",M0 coll,1,0.0014500000000000001,,,,False
T-2,"DS, delta=0.6, N=4: M1 on the floor",M0 wp,1,0.0014500000000000001,,,,False
T-2,"DS, delta=0.6, N=4: M1 coordinated",M0 PDR,1,0.9992346486988904,,,,False
T-2,"DS, delta=0.6, N=4: M1 coordinated",M0 tail,1,1.0,,,,False
T-2,"DS, delta=0.6, N=4: M1 coordinated",M1 PDR,1,0.9932767085249163,,,,False
T-2,"DS, delta=0.6, N=4: M1 coordinated",M0 coll,1,0.0007500000000000001,,,,False
T-2,"DS, delta=0.6, N=4: M1 coordinated",M0 wp,1,0.0007500000000000001,,,,False
T-2,"DS, delta=1.0, N=4",M0 PDR,2,0.9991441575453668,0.00034391712888644905,0.9960542345267397,1.0,True
T-2,"DS, delta=1.0, N=4",M0 tail,2,1.0,0.0,1.0,1.0,False
T-2,"DS, delta=1.0, N=4",M1 PDR,2,0.9988932363710096,0.00011413520156490118,0.9978677887938769,0.9999186839481422,False
T-2,"DS, delta=1.0, N=4",M0 coll,2,0.001,0.0007071067811865476,0.0,0.007353,True
T-2,"DS, delta=1.0, N=4",M0 wp,2,0.001,0.0007071067811865476,0.0,0.007353,True
T-2,"DS, delta=2.0, N=4",M0 PDR,1,0.9976958301688569,,,,False
T-2,"DS, delta=2.0, N=4",M0 tail,1,1.0,,,,False
T-2,"DS, delta=2.0, N=4",M1 PDR,1,0.9992833795686472,,,,False
T-2,"DS, delta=2.0, N=4",M0 coll,1,0.0038,,,,False
T-2,"DS, delta=2.0, N=4",M0 wp,1,0.0038,,,,False
T-2,"shared, delta=1.0, N=4",M0 PDR,2,0.9947075780853629,0.004028303599191545,0.9585152893864481,1.0,True
T-2,"shared, delta=1.0, N=4",M0 tail,2,0.9999999678581953,4.5455376072524476e-08,0.9999995594644253,1.0,True
T-2,"shared, delta=1.0, N=4",M1 PDR,2,0.7995181004577052,0.0008864115816728216,0.7915541366997594,0.807482064215651,False
T-2,"shared, delta=1.0, N=4",M0 coll,2,0.006549999999999999,0.004737615433949868,0.0,0.04911509999999999,True
T-2,"shared, delta=1.0, N=4",M0 wp,2,7.5e-05,0.00010606601717798212,0.0,0.00102795,True
T-2,"shared, delta=1.0, N=10",M0 PDR,3,0.6159040151278604,0.0012483716003900765,0.6128026378628261,0.6190053923928948,False
T-2,"shared, delta=1.0, N=10",M0 tail,3,0.22291809481382371,0.001771501859101227,0.21851708505914338,0.22731910456850404,False
T-2,"shared, delta=1.0, N=10",M1 PDR,3,0.6870846869325395,0.0006206137709339378,0.685542872428797,0.6886265014362821,False
T-2,"shared, delta=1.0, N=10",M0 coll,3,0.8658933333333333,0.0007011656960614886,0.8641514006042423,0.8676352660624242,False
T-2,"shared, delta=1.0, N=10",M0 wp,3,0.59028,0.002122333621276401,0.5850074054938547,0.5955525945061454,False
7-B,"Mode 0c, N=10",reuse ratio,5,1.4062149136735083,0.005896292157666364,1.3988948736772362,1.4135349536697803,False
7-B,"SB-SPS, N=10",reuse ratio,5,1.3721680398161518,0.002626279873770305,1.3689076054273286,1.375428474204975,False
